,Temperature,Stage,pH,PPM,Conductivity,Categoria
0,15.64,2,7.19,833,1.44,1
1,27.51,2,7.0,761,2.2,1
2,22.8,2,5.66,571,0.75,0
3,24.53,3,6.23,939,0.38,0
4,17.51,2,7.14,649,1.05,1
5,30.98,3,5.77,765,0.8,0
6,24.66,4,5.94,957,0.61,0
7,25.5,1,6.5,319,0.2,0
8,23.64,3,6.06,812,0.02,0
9,33.83,4,7.12,1479,1.68,1
10,30.07,2,6.5,412,0.16,0
11,25.7,1,6.76,500,2.2,1
12,23.5,2,5.17,513,0.32,0
13,21.37,3,6.5,1188,1.9,1
14,22.17,2,7.25,624,0.8,1
15,27.56,1,6.14,274,0.68,0
16,25.42,1,5.83,248,0.8,0
17,15.88,4,6.19,895,0.38,0
18,29.55,3,5.47,744,0.01,0
19,21.75,3,6.5,639,0.34,0
20,31.72,1,5.94,127,0.64,0
21,29.4,3,5.31,765,0.73,0
22,21.34,3,5.36,942,0.38,0
23,14.53,1,7.5,422,0.8,1
24,22.68,4,5.85,1278,0.31,0
25,19.81,2,6.5,424,0.42,0
26,38.06,1,5.61,459,0.62,0
27,25.23,3,6.73,1204,1.16,1
28,28.98,3,6.68,1296,1.51,1
29,32.03,1,5.67,290,0.78,0
30,20.74,2,6.5,463,0.8,0
31,28.04,1,7.13,472,1.42,1
32,23.8,2,7.36,743,1.92,1
33,34.41,1,6.86,593,2.2,1
34,17.64,4,6.42,835,0.46,0
35,19.18,4,6.5,1730,1.25,1
36,25.54,1,6.8,480,1.69,1
37,38.78,2,6.31,255,1.57,0
38,22.67,1,5.84,331,0.0,0
39,23.93,1,5.28,300,0.59,0
40,21.78,1,6.53,499,0.8,1
41,20.62,4,5.97,1257,0.2,0
42,24.43,2,7.38,928,1.27,1
43,29.24,3,6.32,874,0.71,0
44,15.26,4,5.79,1212,0.0,0
45,23.23,1,5.35,355,0.29,0
46,26.05,2,6.5,512,0.04,0
47,23.36,3,5.42,779,0.73,0
48,32.1,1,6.16,143,0.33,0
49,24.51,3,7.36,1209,1.62,1
50,21.86,4,5.12,1253,1.6,1
51,35.64,4,5.92,843,0.8,0
52,34.19,3,5.88,886,0.8,0
53,38.22,1,6.07,225,0.8,0
54,15.31,3,4.87,1645,0.91,0
55,21.88,3,6.23,758,0.0,0
56,25.3,4,6.28,840,0.0,0
57,28.28,2,5.44,501,0.58,0
58,23.07,2,5.96,423,0.0,0
59,24.94,3,6.47,675,0.51,0
60,26.91,3,4.63,546,2.46,1
61,28.53,3,6.75,1099,2.04,1
62,21.13,3,6.33,713,0.2,0
63,31.17,4,6.5,1209,0.11,0
64,24.97,1,6.88,429,1.67,1
65,23.9,2,5.61,599,0.06,0
66,28.17,2,7.5,728,1.1,1
67,30.0,2,7.31,898,1.69,1
68,25.66,4,7.26,1596,1.59,1
69,26.77,1,6.5,327,0.0,0
70,20.61,3,7.5,1061,1.31,1
71,35.64,2,6.5,954,1.6,1
72,26.75,1,6.5,251,0.46,0
73,27.29,3,4.44,473,2.43,0
74,20.85,1,4.98,203,1.42,0
75,29.77,1,5.66,296,0.8,0
76,13.54,1,5.88,936,1.95,1
77,35.75,1,7.41,561,2.2,1
78,30.77,2,7.07,673,1.5,1
79,23.37,2,7.5,963,1.98,1
80,19.53,4,6.07,858,0.02,0
81,19.16,2,6.89,878,1.03,1
82,24.24,2,6.63,730,1.54,1
83,20.31,1,6.5,492,1.56,1
84,21.87,1,6.63,484,1.92,1
85,25.3,1,6.5,534,1.87,1
86,21.14,4,5.78,1200,0.39,0
87,30.17,2,7.5,858,0.99,1
88,23.12,4,5.67,1203,0.19,0
89,20.43,2,6.3,566,0.0,0
90,29.93,4,6.77,1791,1.56,1
91,29.83,1,5.41,221,0.8,0
92,25.26,2,6.49,598,0.54,0
93,21.9,2,6.64,1412,0.09,1
94,15.98,1,6.37,313,0.0,0
95,25.61,2,3.47,1191,0.73,1
96,26.41,2,5.63,586,0.38,0
97,37.69,4,6.51,1636,1.73,1
98,26.94,3,6.77,1329,1.31,1
99,18.53,1,6.14,285,0.45,0
100,21.06,4,5.66,1360,0.53,0
101,26.93,3,6.5,1081,1.45,1
102,28.8,3,6.18,856,0.63,0
103,23.64,2,6.81,611,1.54,1
104,25.1,4,6.5,1309,0.61,0
105,22.89,1,6.89,545,1.8,1
106,23.07,1,7.5,403,1.03,1
107,26.39,3,6.8,1225,2.1,1
108,18.08,2,7.15,855,1.12,1
109,20.37,4,5.41,1147,0.0,0
110,23.12,3,7.5,1282,1.2,1
111,28.4,1,7.5,475,1.42,1
112,36.09,4,6.78,1562,2.2,1
113,26.89,2,7.1,678,1.31,1
114,27.81,1,6.5,227,0.48,0
115,23.34,4,5.87,1107,0.22,0
116,18.61,3,6.5,1373,1.04,1
117,33.84,4,4.14,1083,0.54,1
118,16.39,3,6.5,1237,1.92,1
119,23.52,2,6.93,854,1.38,1
120,25.87,2,6.96,887,1.66,1
121,15.32,4,6.5,999,0.0,0
122,10.11,3,7.08,1333,0.53,1
123,25.2,4,7.33,1629,1.3,1
124,33.37,4,6.5,1064,0.8,0
125,23.75,4,5.49,1031,0.3,0
126,26.45,2,5.38,497,0.51,0
127,24.15,1,6.09,252,0.0,0
128,20.4,4,6.63,1459,1.2,1
129,25.63,2,6.95,834,1.45,1
130,18.0,2,6.5,417,0.71,0
131,30.12,1,5.82,175,0.8,0
132,19.62,3,4.99,744,1.45,1
133,29.4,1,6.5,292,0.77,0
134,20.12,4,6.15,822,0.17,0
135,28.57,4,7.22,1710,1.87,1
136,24.62,3,5.58,688,0.36,0
137,27.82,2,6.5,910,1.25,1
138,19.08,4,5.78,1335,0.8,0
139,15.53,3,7.25,1063,1.48,1
140,37.47,2,7.38,727,1.8,1
141,13.49,2,5.55,582,0.0,0
142,32.25,3,6.09,883,0.76,0
143,26.79,1,6.42,264,0.18,0
144,23.85,1,5.92,103,0.0,0
145,28.22,4,7.35,1536,1.64,1
146,19.87,4,6.3,1191,0.07,0
147,27.58,1,5.84,377,0.34,0
148,23.67,1,5.83,354,0.8,0
149,17.72,1,5.7,368,0.8,0
150,27.91,4,5.66,1105,0.8,0
151,23.01,3,5.99,776,0.2,0
152,23.37,4,5.63,809,0.21,0
153,29.81,4,6.36,1592,1.44,1
154,23.55,3,5.92,710,0.0,0
155,23.4,2,6.5,910,1.12,1
156,20.85,4,5.69,807,0.17,0
157,22.67,1,5.83,208,0.0,0
158,18.5,2,6.3,427,0.0,0
159,24.6,4,5.98,1118,0.0,0
160,19.24,1,6.5,416,1.34,1
161,20.35,4,5.13,1374,0.66,0
162,29.03,1,6.5,138,0.74,0
163,29.19,3,5.88,838,0.6,0
164,25.01,2,6.77,752,1.71,1
165,17.04,2,6.24,1275,0.23,0
166,18.01,4,5.89,960,0.34,0
167,22.84,1,6.5,269,0.7,0
168,32.25,2,6.65,965,1.93,1
169,23.92,2,7.11,610,0.8,1
170,15.75,4,7.14,1428,1.09,1
171,23.08,1,5.99,173,0.02,0
172,26.52,1,6.52,413,1.74,1
173,29.58,3,6.5,939,0.8,0
174,18.1,3,5.6,828,0.0,0
175,26.27,4,5.48,882,0.14,0
176,17.2,2,6.5,867,0.8,1
177,24.52,2,6.5,961,1.86,1
178,28.02,4,6.86,1506,1.7,1
179,16.83,2,6.02,525,0.24,0
180,23.48,1,5.57,325,0.23,0
181,26.38,2,6.97,860,0.85,1
182,25.52,2,6.5,626,1.9,1
183,32.78,1,5.83,174,0.08,0
184,23.57,1,5.88,101,0.01,0
185,22.54,4,6.5,862,0.3,0
186,24.64,2,5.62,423,0.18,0
187,28.4,1,6.5,536,1.93,1
188,25.61,3,5.91,723,0.53,0
189,27.84,2,6.99,690,1.15,1
190,14.45,2,4.58,497,0.0,0
191,30.55,3,6.71,1308,1.19,1
192,23.98,4,5.88,925,0.54,0
193,22.88,4,5.99,1297,0.0,0
194,31.78,2,6.5,800,1.62,1
195,24.95,4,5.01,846,0.59,0
196,22.17,2,6.5,639,1.52,1
197,27.29,4,6.92,1415,1.05,1
198,22.86,1,7.12,541,1.22,1
199,26.21,1,6.31,389,0.46,0
200,29.15,3,5.98,932,0.65,0
201,29.68,1,6.87,552,2.2,1
202,26.91,1,6.83,534,1.3,1
203,28.25,1,6.93,425,2.01,1
204,18.26,2,4.84,494,0.0,0
205,23.42,1,6.5,519,2.2,1
206,28.36,4,5.28,1022,0.12,0
207,27.73,2,5.89,560,0.8,0
208,21.48,3,6.58,1386,0.8,1
209,28.7,4,6.56,1430,0.96,1
210,21.7,2,6.07,586,0.1,0
211,23.83,4,7.03,1536,1.69,1
212,23.57,1,6.5,485,1.37,1
213,24.26,3,7.5,1280,1.61,1
214,24.88,4,5.69,1077,0.8,0
215,25.55,4,6.83,1734,2.17,1
216,20.93,1,5.79,110,0.55,0
217,21.24,3,6.5,1105,1.34,1
218,17.42,4,6.95,1692,0.8,1
219,26.69,3,6.07,980,0.0,0
220,21.59,4,6.8,1666,1.56,1
221,25.83,3,6.97,1346,1.6,1
222,28.31,3,7.17,1219,1.89,1
223,32.97,3,5.35,926,0.8,0
224,30.3,2,7.14,899,2.07,1
225,22.97,3,4.98,1412,2.15,0
226,16.22,4,6.79,1800,0.96,1
227,21.14,3,6.43,612,0.0,0
228,33.05,4,6.25,932,0.6,0
229,21.77,4,5.41,1195,0.19,0
230,33.03,3,6.51,1320,2.2,1
231,22.49,3,6.1,866,0.8,0
232,30.66,1,6.2,167,0.37,0
233,34.09,4,5.2,1291,0.5,0
234,19.62,2,6.9,767,1.59,1
235,29.92,1,6.51,467,1.63,1
236,22.05,1,6.19,264,0.54,0
237,32.54,2,6.94,1149,1.18,1
238,21.85,2,7.5,638,0.93,1
239,18.71,4,6.36,860,0.12,0
240,26.53,3,4.88,982,1.45,1
241,29.1,2,6.03,541,0.23,0
242,28.39,4,6.01,1054,0.39,0
243,18.64,3,5.91,639,0.0,0
244,28.75,1,5.78,275,0.8,0
245,29.76,2,5.78,405,0.43,0
246,24.18,1,5.83,130,0.46,0
247,32.6,2,6.5,852,1.6,1
248,25.96,4,6.24,1216,0.45,0
249,23.49,1,6.13,377,0.62,0
250,21.82,3,7.28,1112,1.03,1
251,22.22,3,6.19,795,0.0,0
252,27.53,2,5.49,416,0.07,0
253,30.73,2,6.85,748,1.79,1
254,22.09,3,6.22,888,0.46,0
255,27.27,4,5.27,1697,0.17,1
256,11.66,4,4.05,637,0.58,1
257,29.78,2,5.21,582,0.51,0
258,12.21,1,6.62,595,0.8,1
259,30.43,1,5.65,123,0.8,0
260,31.3,2,6.54,711,2.06,1
261,12.97,4,3.68,1800,0.81,0
262,23.37,1,6.88,465,0.8,1
263,17.79,2,7.02,699,0.8,1
264,32.59,1,5.33,190,0.8,0
265,33.32,2,6.98,896,1.77,1
266,17.9,4,5.67,1361,0.0,0
267,19.9,4,4.79,1375,0.31,0
268,19.23,4,6.5,1758,1.62,1
269,19.02,1,6.5,478,1.33,1
270,22.01,3,6.36,742,0.0,0
271,28.86,2,4.67,403,0.68,0
272,28.03,4,6.5,1190,0.24,0
273,27.77,4,6.62,1599,1.32,1
274,29.58,4,6.5,1167,0.8,0
275,36.47,3,6.75,1632,0.63,0
276,31.66,3,4.06,1673,1.0,0
277,24.6,2,7.45,740,1.1,1
278,17.65,2,4.63,476,0.0,0
279,22.41,1,7.5,502,1.19,1
280,15.99,1,7.19,484,1.18,1
281,29.37,2,6.11,422,0.58,0
282,33.68,1,7.5,488,1.7,1
283,20.63,2,6.5,700,1.43,1
284,32.77,2,6.16,557,0.35,0
285,24.22,3,5.69,615,0.73,0
286,22.79,3,6.27,874,0.8,0
287,21.79,1,5.5,380,0.4,0
288,27.04,2,5.46,420,0.6,0
289,21.05,4,7.04,1525,0.95,1
290,32.63,4,6.08,1040,0.8,0
291,37.14,4,6.01,1101,0.25,0
292,26.28,1,6.5,405,1.89,1
293,21.56,3,6.5,1078,0.83,1
294,23.6,2,7.36,1338,1.15,1
295,22.74,2,5.91,442,0.57,0
296,16.97,3,6.96,1399,0.8,1
297,29.33,1,6.5,187,0.31,0
298,15.88,2,4.83,509,0.0,0
299,20.03,3,7.19,536,0.89,0
300,28.35,3,6.48,733,0.8,0
301,28.26,3,6.5,663,0.25,0
302,17.58,3,6.0,815,0.51,0
303,21.95,3,5.29,956,0.8,0
304,34.28,4,5.22,354,0.67,1
305,17.23,1,6.5,497,1.36,1
306,13.95,4,6.09,1274,0.0,0
307,12.12,2,6.84,997,0.84,1
308,23.37,1,5.69,303,0.32,0
309,25.71,4,5.33,887,0.8,0
310,17.05,1,6.39,356,0.0,0
311,31.75,1,6.45,241,0.37,0
312,33.76,1,6.95,410,1.68,1
313,35.57,1,6.53,1452,1.13,1
314,19.77,4,6.5,1538,0.8,1
315,24.36,2,6.0,435,0.49,0
316,27.54,2,6.5,510,0.16,0
317,19.65,4,6.05,1207,0.0,0
318,33.73,2,7.5,608,2.2,1
319,25.53,3,6.5,874,0.29,0
320,25.78,2,5.98,409,0.34,0
321,33.38,1,6.5,174,0.8,0
322,32.39,3,5.14,981,0.8,0
323,26.81,2,6.72,866,2.02,1
324,33.23,3,5.91,772,0.8,0
325,21.48,4,6.8,1447,0.9,1
326,23.99,3,5.39,663,0.19,0
327,37.66,1,7.49,1141,1.13,0
328,19.54,1,5.99,289,0.39,0
329,13.49,3,6.5,1358,1.79,1
330,19.47,2,6.5,417,0.49,0
331,22.53,1,6.65,560,1.13,1
332,12.38,3,6.41,973,0.0,0
333,11.33,3,3.3,793,2.26,0
334,24.86,2,5.8,679,0.51,0
335,23.63,1,7.24,474,2.0,1
336,24.22,1,6.15,246,0.0,0
337,19.0,1,6.07,275,0.0,0
338,32.12,2,6.5,523,0.74,0
339,30.25,1,6.5,222,0.8,0
340,27.1,2,6.5,785,2.2,1
341,22.1,1,5.5,119,0.44,0
342,25.96,2,6.5,955,1.03,1
343,26.86,3,5.5,641,0.8,0
344,27.55,1,6.81,425,2.07,1
345,24.92,4,6.5,1644,2.12,1
346,19.79,3,7.11,1121,1.2,1
347,29.68,2,6.67,814,2.2,1
348,27.89,4,6.5,1783,2.06,1
349,28.27,2,5.53,478,0.51,0
350,28.99,4,7.33,1477,1.53,1
351,27.53,2,6.72,935,1.5,1
352,28.75,3,5.12,928,0.8,0
353,22.87,3,5.62,954,0.02,0
354,19.32,4,5.72,1303,0.0,0
355,26.15,1,6.5,419,1.94,1
356,26.92,1,7.37,532,1.68,1
357,22.58,1,6.98,513,0.83,1
358,33.56,2,6.5,857,1.6,1
359,27.18,2,6.5,425,0.09,0
360,28.18,3,6.82,1395,1.29,1
361,36.41,3,6.03,329,1.74,0
362,25.35,1,5.8,286,0.8,0
363,24.93,1,7.5,453,1.75,1
364,34.65,2,4.98,470,0.63,0
365,34.32,1,6.07,363,0.7,0
366,22.62,3,5.76,742,0.32,0
367,27.59,3,6.2,950,0.26,0
368,18.55,1,7.15,406,1.13,1
369,25.93,2,7.5,887,0.95,1
370,22.58,4,5.38,1173,0.25,0
371,23.29,3,6.5,993,0.25,0
372,26.55,4,7.5,1542,0.8,1
373,35.64,1,6.82,489,2.2,1
374,32.54,3,7.16,1394,1.73,1
375,30.45,4,6.5,837,0.27,0
376,18.94,4,6.85,1641,2.08,1
377,28.76,1,7.11,581,1.9,1
378,14.66,3,5.31,827,0.51,0
379,20.28,4,6.5,1627,2.19,1
380,33.9,2,6.5,467,0.8,0
381,26.07,2,5.79,411,0.8,0
382,20.05,2,6.73,973,0.8,1
383,12.31,1,6.35,318,0.01,0
384,21.61,2,5.45,433,0.01,0
385,20.78,2,6.54,803,1.57,1
386,33.21,3,5.6,837,0.44,0
387,13.06,2,5.13,736,1.84,1
388,16.63,1,7.5,502,1.67,1
389,22.06,1,6.81,597,1.77,1
390,30.79,1,7.01,526,1.05,1
391,25.42,1,5.83,226,0.62,0
392,12.11,1,6.5,446,0.8,1
393,30.25,3,6.5,950,0.5,0
394,18.85,4,4.86,1129,0.33,0
395,36.54,2,6.5,769,1.75,1
396,25.44,3,5.94,662,0.53,0
397,17.73,4,4.81,1384,0.0,0
398,22.42,2,6.84,812,0.8,1
399,25.48,1,6.5,384,0.47,0
400,28.62,1,6.54,500,1.24,1
401,19.36,3,6.5,818,0.0,0
402,28.3,2,5.89,502,0.71,0
403,19.17,2,6.01,571,0.55,0
404,22.39,1,5.78,288,0.15,0
405,27.55,3,6.5,1357,1.19,1
406,23.92,1,6.5,580,1.69,1
407,34.58,4,4.7,1789,0.53,1
408,28.25,3,5.52,697,0.8,0
409,29.7,3,6.42,740,0.45,0
410,26.71,3,6.78,1134,0.91,1
411,16.3,1,6.43,1252,0.98,1
412,18.03,1,6.06,380,0.0,0
413,27.51,1,6.22,372,0.8,0
414,34.02,1,6.5,516,2.18,1
415,28.29,4,6.17,1297,0.53,0
416,23.41,4,5.89,1205,0.77,0
417,23.54,3,6.02,922,0.8,0
418,24.0,2,6.53,735,1.67,1
419,27.54,2,5.91,428,0.31,0
420,27.75,3,6.01,966,0.43,0
421,23.82,3,6.5,1076,1.54,1
422,25.48,2,5.91,459,0.22,0
423,24.06,4,6.01,1359,0.0,0
424,29.75,1,6.56,578,2.15,1
425,20.5,3,6.39,962,0.18,0
426,20.37,2,5.89,456,0.08,0
427,19.3,3,6.16,976,0.0,0
428,21.4,1,6.5,561,1.17,1
429,27.05,4,7.12,1572,1.46,1
430,31.45,4,6.56,1414,2.2,1
431,29.06,4,6.26,1092,0.53,0
432,30.85,1,6.5,419,1.84,1
433,30.33,2,6.5,627,2.2,1
434,35.54,2,6.99,932,1.58,1
435,27.51,2,5.65,463,0.0,0
436,30.09,3,6.13,606,0.8,0
437,18.91,3,6.18,646,0.32,0
438,27.3,2,5.43,524,0.8,0
439,26.92,1,5.6,108,0.56,0
440,20.79,4,5.82,1060,0.41,0
441,19.72,3,7.5,1198,0.8,1
442,30.93,1,6.5,193,0.8,0
443,28.44,4,5.63,1096,0.33,0
444,24.38,2,5.59,1307,0.08,0
445,26.42,3,5.89,864,0.0,0
446,22.07,1,7.25,594,0.86,1
447,36.07,3,7.08,1265,1.41,1
448,21.88,4,5.62,854,0.0,0
449,17.0,2,6.31,472,0.0,0
450,29.07,3,5.86,753,0.78,0
451,24.88,3,6.7,1172,1.11,1
452,27.31,2,5.63,539,0.25,0
453,20.84,3,6.5,1175,1.39,1
454,28.48,4,6.64,1771,2.2,1
455,24.2,3,6.5,647,0.0,0
456,26.67,4,6.08,1001,0.64,0
457,16.52,4,3.71,1404,1.55,0
458,26.29,2,6.5,709,1.09,1
459,25.21,1,6.73,441,0.85,1
460,26.82,1,6.54,482,1.06,1
461,29.39,3,6.5,1278,1.55,1
462,20.85,3,5.93,965,0.33,0
463,35.03,4,5.38,1158,0.8,0
464,23.94,1,6.5,285,0.15,0
465,18.22,1,5.7,337,0.0,0
466,37.9,4,4.94,1009,0.64,1
467,18.3,2,5.99,407,0.52,0
468,22.11,2,5.52,1480,1.28,0
469,27.27,3,6.28,889,0.17,0
470,31.4,2,6.5,928,1.9,1
471,25.93,1,6.73,573,1.55,1
472,22.47,2,5.44,419,0.58,0
473,24.23,4,6.5,1138,0.59,0
474,19.46,2,6.5,985,1.13,1
475,20.88,1,6.88,461,1.4,1
476,31.22,1,6.98,524,1.83,1
477,26.06,3,6.5,724,0.74,0
478,22.79,4,6.5,985,0.58,0
479,24.93,1,6.5,215,0.34,0
480,27.78,1,6.5,511,1.88,1
481,24.63,4,6.02,985,0.69,0
482,26.8,4,6.26,1049,0.8,0
483,25.0,3,6.5,1354,1.49,1
484,25.27,3,5.59,807,0.4,0
485,24.7,1,6.11,243,0.8,0
486,26.34,1,6.52,523,1.39,1
487,25.19,2,7.05,922,2.2,1
488,20.9,3,6.5,709,0.0,0
489,16.5,2,5.31,508,0.0,0
490,22.53,1,5.35,324,0.09,0
491,31.48,4,6.23,987,0.0,0
492,27.38,4,6.59,1653,1.1,1
493,22.22,4,7.21,1461,0.8,1
494,23.55,2,5.68,566,0.2,0
495,17.03,2,6.32,400,0.0,0
496,16.99,1,5.97,219,0.0,0
497,24.34,1,6.5,103,0.33,0
498,20.37,1,6.5,324,0.0,0
499,26.61,1,6.78,585,2.2,1
500,23.9,4,6.14,1031,0.11,0
501,23.88,1,5.52,291,0.0,0
502,26.22,2,6.8,984,1.62,1
503,23.57,1,6.64,1322,0.81,0
504,29.22,2,5.68,466,0.8,0
505,29.96,2,5.66,567,0.8,0
506,21.55,3,6.19,750,0.1,0
507,23.62,4,7.21,1513,1.3,1
508,22.03,2,7.41,876,0.8,1
509,30.58,1,7.49,207,1.06,1
510,18.83,3,7.27,1207,0.8,1
511,23.73,3,6.01,828,0.11,0
512,30.08,2,6.87,714,2.2,1
513,23.7,1,6.5,1047,0.21,0
514,24.86,3,6.49,767,0.16,0
515,27.01,1,6.5,315,0.61,0
516,24.6,4,6.06,1077,0.0,0
517,29.84,4,7.5,1434,1.74,1
518,17.85,4,6.74,1514,1.99,1
519,28.46,3,6.66,1394,1.95,1
520,25.79,4,5.9,1278,0.2,0
521,24.45,3,5.86,741,0.0,0
522,23.25,4,5.6,954,0.0,0
523,19.77,4,6.26,949,0.14,0
524,13.21,2,7.35,356,0.85,0
525,23.71,1,6.5,596,1.31,1
526,27.3,1,6.26,314,0.0,0
527,24.15,4,7.5,1448,0.86,1
528,27.63,4,5.78,1148,0.68,0
529,24.45,4,6.16,1123,0.8,0
530,28.07,3,6.57,1214,1.6,1
531,25.45,2,7.44,925,0.92,1
532,23.44,1,6.5,475,1.33,1
533,33.29,4,6.91,1576,2.2,1
534,21.17,2,6.85,828,1.07,1
535,23.41,4,5.54,1009,0.0,0
536,26.51,3,7.41,1189,1.25,1
537,27.89,2,5.84,595,0.57,0
538,25.97,4,6.8,1425,1.16,1
539,24.82,4,5.84,1175,0.48,0
540,27.32,1,6.09,186,0.05,0
541,21.75,3,6.16,1000,0.15,0
542,28.24,3,6.5,1368,2.14,1
543,28.13,4,6.5,1067,0.0,0
544,24.21,3,6.34,605,0.0,0
545,20.96,2,6.5,658,1.96,1
546,20.17,1,6.96,419,0.8,1
547,30.35,4,5.81,1016,0.8,0
548,21.81,1,5.34,237,0.0,0
549,22.64,3,6.5,990,0.8,0
550,14.18,4,6.5,1483,0.8,1
551,17.78,2,6.5,751,0.99,1
552,21.62,2,6.27,500,0.11,0
553,24.08,3,6.43,730,0.65,0
554,33.32,2,6.24,499,0.8,0
555,26.4,2,7.22,740,1.46,1
556,23.74,4,6.68,1553,1.85,1
557,21.92,2,7.5,623,1.03,1
558,22.65,4,6.1,1021,0.0,0
559,13.66,3,5.91,970,0.0,0
560,24.07,3,6.25,898,0.48,0
561,25.1,4,6.5,1634,1.86,1
562,29.13,4,4.83,865,0.5,0
563,34.57,2,7.43,743,1.76,1
564,23.96,2,6.5,755,1.19,1
565,26.64,1,6.29,263,0.48,0
566,31.05,1,5.83,114,0.77,0
567,28.26,3,6.5,1288,1.14,1
568,23.65,2,7.03,836,1.21,1
569,33.77,4,6.58,1469,1.94,1
570,24.55,1,6.5,427,1.93,1
571,28.37,1,5.95,346,0.8,0
572,17.94,3,6.71,1327,0.97,1
573,25.77,1,5.52,366,0.8,0
574,22.96,4,6.6,1506,1.16,1
575,20.96,2,6.5,532,0.36,0
576,23.04,4,5.14,1265,0.78,0
577,21.13,1,5.87,315,0.27,0
578,16.47,4,6.5,879,0.38,0
579,18.11,2,6.5,441,0.0,0
580,29.43,2,6.5,620,2.2,1
581,19.15,3,7.0,1348,2.22,1
582,27.27,4,6.73,1517,1.37,1
583,24.57,4,7.5,1630,1.89,1
584,23.68,1,7.34,517,1.82,1
585,31.46,3,5.42,841,0.77,0
586,31.61,2,5.5,418,0.38,0
587,27.68,1,4.47,1231,2.41,0
588,27.3,3,6.5,864,0.44,0
589,24.87,4,6.24,1047,0.8,0
590,21.59,3,7.5,1097,1.34,1
591,21.98,1,6.86,550,1.42,1
592,22.37,3,5.87,963,0.6,0
593,25.31,3,7.4,1288,1.48,1
594,23.35,3,6.81,1270,1.1,1
595,22.87,2,6.21,492,0.0,0
596,22.94,2,6.85,637,0.8,1
597,26.8,2,5.82,445,0.8,0
598,28.41,3,6.5,817,0.0,0
599,26.98,3,5.74,945,0.0,0
600,20.56,4,6.42,827,0.26,0
601,28.43,3,6.5,872,0.74,0
602,27.56,3,6.43,851,0.8,0
603,20.6,1,6.07,145,0.06,0
604,22.88,2,5.68,769,0.39,1
605,16.96,2,7.25,670,0.64,1
606,28.04,4,5.38,1068,0.8,0
607,16.26,2,6.04,506,0.53,0
608,21.95,4,3.95,1244,1.56,1
609,21.37,4,5.39,1146,0.03,0
610,28.31,3,5.95,932,0.18,0
611,23.82,1,6.01,152,0.19,0
612,23.28,3,6.77,1235,1.41,1
613,21.73,1,5.62,384,0.0,0
614,20.08,3,5.65,686,0.0,0
615,25.55,4,5.36,1234,0.22,0
616,26.81,4,6.64,1609,1.31,1
617,27.64,1,6.5,506,1.51,1
618,22.44,4,6.5,955,0.07,0
619,25.28,1,6.38,384,0.02,0
620,20.53,4,6.26,1340,0.28,0
621,17.22,1,5.92,212,0.0,0
622,24.51,3,6.31,822,0.3,0
623,26.55,3,6.5,877,0.44,0
624,24.57,2,5.27,562,0.3,0
625,30.05,2,6.5,912,1.47,1
626,21.96,3,6.5,1278,1.23,1
627,24.24,3,6.5,881,0.7,0
628,25.43,1,7.31,522,1.22,1
629,14.09,4,4.47,1128,2.18,0
630,31.53,3,7.11,1235,1.38,1
631,24.65,2,6.5,459,0.13,0
632,31.19,1,6.99,410,1.48,1
633,28.47,4,6.22,876,0.52,0
634,22.41,1,7.05,514,1.05,1
635,24.72,1,6.2,283,0.22,0
636,26.44,4,5.17,1197,0.8,0
637,19.76,4,6.19,1142,0.0,0
638,22.05,2,3.23,1426,1.51,0
639,28.19,2,7.5,751,1.53,1
640,27.92,4,5.52,1071,0.15,0
641,25.17,1,6.5,390,0.22,0
642,20.13,3,7.03,1193,1.1,1
643,25.78,1,6.51,492,1.56,1
644,27.64,2,7.5,708,1.58,1
645,31.93,3,5.9,622,0.8,0
646,26.2,1,6.53,466,2.03,1
647,28.67,1,6.5,376,0.33,0
648,24.24,2,6.01,549,0.73,0
649,27.19,4,6.5,820,0.8,0
650,23.83,1,6.19,189,0.52,0
651,19.98,1,6.6,519,1.94,1
652,34.14,4,4.0,762,0.53,1
653,29.44,3,5.98,678,0.8,0
654,29.81,2,6.66,946,1.07,1
655,24.04,1,5.0,223,0.39,0
656,13.43,2,4.62,320,2.35,1
657,28.69,1,5.16,263,0.67,0
658,19.14,3,6.7,1256,1.26,1
659,19.06,4,5.53,1026,0.13,0
660,30.68,3,6.38,655,0.69,0
661,29.01,2,5.85,517,0.65,0
662,22.51,4,6.59,1467,0.8,1
663,21.63,4,5.99,821,0.0,0
664,33.86,2,5.74,451,0.49,0
665,25.97,2,6.48,437,0.8,0
666,19.57,4,7.04,1428,1.17,1
667,22.59,4,5.52,1073,0.02,0
668,17.72,1,7.5,544,1.55,1
669,24.64,1,6.48,135,0.11,0
670,17.0,2,6.67,929,1.57,1
671,19.85,3,5.39,742,0.0,0
672,15.27,2,6.5,764,1.43,1
673,27.83,4,6.5,1443,1.48,1
674,32.53,1,6.5,555,2.2,1
675,25.94,3,6.5,1268,1.2,1
676,26.54,3,6.95,1365,2.08,1
677,25.53,1,5.53,243,0.19,0
678,28.08,3,5.42,773,0.25,0
679,10.01,2,4.9,1657,0.44,0
680,28.39,4,7.3,1452,1.59,1
681,19.31,3,6.5,984,0.0,0
682,29.18,3,6.56,1275,2.02,1
683,22.75,3,6.5,775,0.2,0
684,28.22,1,6.5,461,2.2,1
685,29.86,2,5.27,551,0.57,0
686,24.75,3,6.75,1195,0.83,1
687,29.15,1,6.85,441,2.01,1
688,19.09,3,6.16,844,0.0,0
689,18.1,3,3.55,1191,1.32,1
690,31.33,2,5.08,528,0.36,0
691,27.62,4,6.5,896,0.0,0
692,24.48,4,7.5,1589,1.75,1
693,29.82,3,5.52,920,0.8,0
694,25.05,4,7.01,1647,1.14,1
695,36.05,2,7.34,611,2.2,1
696,24.55,2,6.72,943,1.57,1
697,19.29,1,6.5,267,0.0,0
698,14.62,1,6.95,492,0.8,1
699,21.87,1,6.5,407,1.56,1
700,25.99,3,6.31,970,0.14,0
701,20.95,3,6.29,634,0.26,0
702,18.15,2,7.11,930,0.94,1
703,32.77,1,6.46,285,0.66,0
704,20.44,4,6.85,1547,0.81,1
705,30.05,2,6.19,406,0.8,0
706,23.36,3,6.5,1361,1.29,1
707,18.48,1,5.08,278,0.23,0
708,25.38,3,7.25,1269,1.22,1
709,32.75,2,6.16,448,0.14,0
710,30.39,1,6.52,1695,2.19,0
711,15.92,2,7.12,775,0.8,1
712,25.21,2,5.95,496,0.32,0
713,31.1,4,6.56,1787,1.94,1
714,19.06,2,6.79,812,0.8,1
715,23.09,1,6.5,429,1.89,1
716,22.22,3,6.77,1318,1.13,1
717,24.99,2,6.84,762,1.63,1
718,23.95,2,6.29,550,0.23,0
719,21.65,1,6.5,417,0.8,1
720,27.51,2,6.5,607,1.83,1
721,25.25,4,6.5,1732,2.2,1
722,24.22,3,5.54,781,0.0,0
723,30.35,1,6.5,358,0.8,0
724,33.04,1,6.25,370,0.37,0
725,23.39,1,6.5,546,1.11,1
726,23.56,3,7.5,1191,1.32,1
727,24.54,2,6.05,561,0.0,0
728,25.39,2,6.5,845,2.11,1
729,21.41,4,6.5,1588,0.91,1
730,34.6,2,6.36,165,0.64,1
731,25.34,3,5.79,957,0.8,0
732,28.67,1,6.54,508,1.15,1
733,29.02,2,6.66,926,1.93,1
734,28.13,4,5.06,1040,0.22,0
735,22.38,1,6.77,537,0.8,1
736,16.46,3,6.5,821,0.28,0
737,19.77,2,6.47,415,0.0,0
738,24.57,2,5.61,555,0.14,0
739,17.47,4,6.96,426,0.41,1
740,26.54,3,4.58,999,0.8,0
741,21.96,2,6.02,401,0.0,0
742,27.06,1,3.44,1223,0.46,0
743,18.89,2,6.5,702,1.42,1
744,26.39,3,5.57,949,0.69,0
745,37.68,2,7.11,902,1.99,1
746,13.85,3,7.06,1205,0.8,1
747,23.68,2,6.17,474,0.8,0
748,20.29,1,6.5,535,1.26,1
749,23.69,4,6.6,1621,1.43,1
750,37.6,2,5.35,1504,2.38,1
751,25.5,3,6.23,855,0.17,0
752,17.13,4,7.19,1726,0.8,1
753,28.25,2,5.55,467,0.17,0
754,19.21,2,3.0,1493,0.95,1
755,27.72,4,6.5,1550,1.7,1
756,20.72,4,7.15,1681,1.56,1
757,23.82,2,5.65,412,0.56,0
758,21.76,4,5.95,1397,0.47,0
759,29.12,4,6.5,1441,1.42,1
760,16.95,3,5.71,864,0.01,0
761,30.7,2,6.05,586,0.8,0
762,15.99,2,4.36,1175,2.01,0
763,27.63,4,6.44,889,0.6,0
764,25.95,4,5.51,997,0.4,0
765,28.87,4,6.31,851,0.72,0
766,20.21,4,6.8,1558,1.16,1
767,29.19,2,6.32,566,0.59,0
768,22.69,3,5.64,615,0.37,0
769,24.26,4,6.5,1495,2.2,1
770,30.55,3,5.81,804,0.47,0
771,23.67,1,7.23,457,1.27,1
772,20.57,1,7.2,521,1.28,1
773,24.64,2,7.25,630,2.04,1
774,19.67,2,5.41,468,0.64,0
775,21.52,1,7.26,575,1.32,1
776,22.53,4,7.26,1580,0.8,1
777,28.14,2,6.93,704,1.4,1
778,27.36,3,6.22,779,0.59,0
779,16.29,1,6.38,380,0.12,0
780,40.05,1,6.26,371,0.76,0
781,13.54,3,6.69,1191,1.64,1
782,34.88,2,5.65,458,0.73,0
783,28.3,3,6.5,1157,1.2,1
784,24.59,2,5.98,433,0.19,0
785,20.27,1,6.03,359,0.76,0
786,28.21,4,5.25,1138,0.0,0
787,21.08,4,6.5,1075,0.24,0
788,30.43,4,4.96,488,0.61,1
789,27.19,2,6.01,483,0.8,0
790,23.31,2,6.5,520,0.09,0
791,17.54,3,6.15,888,0.0,0
792,26.59,1,5.67,301,0.8,0
793,28.24,2,6.63,625,1.98,1
794,33.25,1,6.41,216,0.8,0
795,31.45,2,6.92,995,1.72,1
796,32.27,1,5.73,116,0.51,0
797,10.97,1,4.53,939,0.11,1
798,19.16,3,5.63,917,0.39,0
799,26.43,2,6.5,548,0.49,0
800,20.33,4,6.4,1006,0.0,0
801,27.04,1,6.5,148,0.66,0
802,24.03,1,6.7,482,1.29,1
803,19.07,4,5.3,1361,0.44,0
804,25.95,2,6.47,574,0.11,0
805,25.12,2,6.92,877,1.54,1
806,39.51,2,7.5,624,1.98,1
807,31.28,1,4.78,364,0.8,0
808,20.13,3,7.08,1181,0.8,1
809,20.74,3,5.19,984,0.0,0
810,26.7,1,6.36,237,0.0,0
811,30.55,4,6.06,1569,0.54,1
812,23.68,2,6.61,626,1.79,1
813,13.85,2,5.59,435,0.0,0
814,20.78,4,6.57,1421,1.61,1
815,13.78,1,6.31,168,0.0,0
816,27.99,2,6.5,494,0.76,0
817,19.0,2,6.52,611,1.34,1
818,26.99,2,5.41,587,0.44,0
819,26.0,2,6.5,404,0.0,0
820,17.34,3,7.5,1296,0.8,1
821,29.95,1,5.48,233,0.6,0
822,33.48,1,7.5,589,1.76,1
823,25.27,2,5.6,544,0.8,0
824,20.05,2,5.52,415,0.17,0
825,33.87,2,7.5,741,2.13,1
826,30.66,1,6.5,582,1.66,1
827,25.36,2,7.08,637,2.2,1
828,30.47,1,3.87,279,1.49,1
829,31.59,3,6.79,1288,2.19,1
830,27.07,2,6.82,915,2.19,1
831,25.15,3,6.5,950,0.1,0
832,28.1,3,6.21,780,0.36,0
833,25.91,4,6.5,1020,0.0,0
834,30.48,1,5.75,310,0.8,0
835,20.24,1,6.5,157,0.03,0
836,23.46,3,7.06,1088,1.16,1
837,25.74,1,6.32,258,0.31,0
838,27.46,4,6.09,1051,0.6,0
839,37.67,4,6.5,942,0.8,0
840,26.33,4,7.22,1719,0.14,1
841,31.29,1,6.72,491,1.97,1
842,23.12,3,6.5,917,0.31,0
843,37.5,1,3.65,1183,0.49,0
844,22.2,3,6.5,1309,1.66,1
845,26.1,3,7.01,1380,2.12,1
846,29.14,2,6.58,630,2.13,1
847,27.26,4,5.9,937,0.21,0
848,26.68,2,6.5,820,1.16,1
849,31.11,1,6.91,577,2.11,1
850,35.58,3,7.19,1310,1.3,1
851,34.54,1,6.92,441,2.2,1
852,23.34,4,5.62,1170,0.04,0
853,16.3,2,6.5,689,1.41,1
854,29.9,4,6.53,1785,1.66,1
855,29.23,1,6.2,498,2.07,0
856,16.01,1,7.19,590,1.04,1
857,26.4,2,7.46,605,0.8,1
858,18.72,4,5.88,1125,0.0,0
859,24.83,4,6.08,868,0.8,0
860,27.64,1,6.56,559,1.95,1
861,34.17,2,7.34,679,0.19,1
862,21.91,3,7.13,1385,1.38,1
863,26.33,2,5.19,540,0.8,0
864,30.8,1,6.11,134,0.22,0
865,25.8,1,6.41,351,0.61,0
866,23.58,2,6.52,770,1.61,1
867,27.45,1,6.2,162,0.07,0
868,23.76,4,5.72,287,0.46,0
869,31.24,2,5.79,405,0.56,0
870,13.58,4,5.51,1165,1.04,0
871,25.12,4,6.25,1068,0.12,0
872,24.32,3,6.91,1356,1.96,1
873,31.23,3,6.14,301,0.57,1
874,28.66,1,4.6,1598,0.9,1
875,24.92,1,6.14,299,0.8,0
876,17.2,4,3.08,1090,1.09,1
877,20.9,2,7.05,922,0.8,1
878,31.02,1,5.77,268,0.8,0
879,23.68,2,6.5,563,0.8,0
880,30.68,1,6.5,540,1.34,1
881,26.92,1,6.5,282,0.42,0
882,27.04,1,6.97,463,1.3,1
883,32.79,3,3.26,1597,1.43,1
884,29.5,2,6.81,826,1.73,1
885,27.69,3,5.87,733,0.67,0
886,34.84,2,7.38,640,2.2,1
887,20.34,1,7.34,537,0.8,1
888,19.44,3,6.63,1039,1.63,1
889,22.83,2,7.12,843,1.61,1
890,5.36,1,6.5,521,0.8,1
891,28.24,3,5.32,960,0.47,0
892,26.3,4,6.21,1255,0.8,0
893,29.33,1,5.64,179,0.07,0
894,24.39,3,5.53,704,0.58,0
895,22.11,2,6.5,953,1.77,1
896,23.5,1,6.5,165,0.01,0
897,29.81,2,6.36,575,0.52,0
898,22.04,3,5.32,943,0.0,0
899,18.78,1,6.66,513,0.81,1
900,24.33,2,5.51,466,0.08,0
901,17.17,1,6.7,587,1.25,1
902,33.69,4,5.07,1080,0.63,0
903,28.85,3,6.03,969,0.55,0
904,28.21,1,6.26,339,0.34,0
905,14.91,2,6.92,616,1.12,1
906,16.74,1,7.42,570,1.22,1
907,27.13,2,6.32,521,0.8,0
908,24.73,2,5.65,465,0.8,0
909,18.73,3,5.88,666,2.3,1
910,22.83,4,6.47,1001,0.47,0
911,17.71,2,4.41,366,1.7,0
912,28.17,1,5.71,316,0.74,0
913,19.17,2,5.41,573,0.0,0
914,20.85,1,7.0,469,1.8,1
915,23.91,4,6.5,1569,2.2,1
916,24.15,2,7.47,259,1.88,0
917,23.11,3,7.1,1387,0.8,1
918,25.53,3,6.5,1213,1.96,1
919,29.47,2,7.21,776,2.02,1
920,24.63,4,5.88,1001,0.0,0
921,32.59,2,5.6,557,0.8,0
922,32.2,4,6.12,822,0.66,0
923,26.17,1,6.12,338,0.42,0
924,23.85,3,6.0,926,0.2,0
925,25.93,2,6.5,903,1.11,1
926,24.67,4,6.27,1278,0.71,0
927,30.0,2,5.83,647,2.39,0
928,19.94,3,5.85,787,0.0,0
929,22.41,3,5.39,909,0.7,0
930,28.02,4,6.49,1351,0.02,0
931,36.63,3,5.64,601,0.8,0
932,17.25,2,6.7,654,1.64,1
933,27.38,4,6.5,1657,0.8,1
934,24.44,2,6.64,922,1.22,1
935,28.19,1,6.16,350,0.8,0
936,14.23,2,6.31,1652,1.07,0
937,39.49,2,6.59,856,2.38,1
938,37.46,3,6.5,1375,2.04,1
939,16.49,2,6.38,530,0.33,0
940,26.16,1,6.87,581,1.13,1
941,37.27,3,5.12,668,0.8,0
942,30.0,2,6.58,805,1.71,1
943,27.18,4,7.08,1643,1.64,1
944,12.9,3,4.62,123,1.52,0
945,26.9,2,6.5,590,0.8,0
946,14.97,4,5.78,873,0.8,0
947,24.86,1,6.48,149,0.0,0
948,26.2,2,6.36,543,0.47,0
949,28.06,2,5.81,418,0.76,0
950,21.88,2,5.01,539,0.37,0
951,28.88,4,6.75,1484,1.49,1
952,25.53,2,6.5,450,0.8,0
953,20.79,3,5.87,614,0.0,0
954,27.87,4,6.53,1450,1.74,1
955,23.82,2,6.99,736,1.17,1
956,11.14,3,6.44,1108,1.8,0
957,19.98,1,6.75,532,1.95,1
958,29.16,1,6.5,470,1.49,1
959,21.67,1,6.5,219,0.0,0
960,26.76,2,7.0,685,1.66,1
961,24.42,1,4.74,161,0.48,0
962,16.66,2,6.5,410,0.29,0
963,26.25,1,6.69,462,1.32,1
964,16.05,4,6.44,248,2.02,1
965,23.16,1,5.89,187,0.5,0
966,25.78,3,5.84,673,0.42,0
967,29.47,3,5.3,649,0.32,0
968,25.63,2,6.37,426,0.03,0
969,30.85,3,6.71,663,1.76,1
970,18.97,3,6.56,843,1.89,0
971,34.8,2,5.25,591,0.8,0
972,28.85,1,6.34,220,0.79,0
973,15.76,2,5.35,579,0.18,0
974,22.37,3,5.9,717,0.67,0
975,20.93,3,5.43,811,0.28,0
976,26.18,2,6.28,442,0.33,0
977,25.38,3,5.62,628,0.0,0
978,27.21,4,6.5,1550,1.81,1
979,18.5,3,7.5,1188,0.93,1
980,29.7,2,3.49,1447,1.02,1
981,25.33,2,6.93,961,1.09,1
982,22.71,1,6.5,562,2.13,1
983,21.85,3,5.55,909,0.8,0
984,25.1,1,5.64,130,0.69,0
985,24.37,3,6.71,1370,1.49,1
986,36.29,1,3.34,469,2.17,1
987,28.46,4,6.5,1299,0.54,0
988,22.66,2,6.04,472,0.55,0
989,31.49,2,6.55,689,1.82,1
990,29.43,2,7.25,202,1.26,0
991,26.71,1,7.0,501,1.49,1
992,14.92,2,6.5,532,0.79,0
993,25.73,1,6.15,103,0.43,0
994,21.36,1,7.14,423,1.5,1
995,17.78,3,6.5,1203,0.8,1
996,27.6,1,5.94,310,0.74,0
997,30.32,1,5.44,390,0.7,0
998,23.64,4,5.15,1292,0.6,0
999,23.32,1,5.95,887,0.45,0
1000,19.83,2,5.69,422,0.04,0
1001,27.06,1,5.22,176,0.54,0
1002,23.43,1,6.15,400,0.32,0
1003,19.09,3,6.5,903,0.0,0
1004,26.89,2,6.5,534,0.66,0
1005,39.73,2,7.09,882,2.07,1
1006,36.22,3,5.2,1791,0.16,1
1007,26.5,1,7.17,564,1.06,1
1008,27.25,3,7.42,1036,1.4,1
1009,28.81,2,5.44,496,0.8,0
1010,20.74,2,5.81,429,0.6,0
1011,34.62,1,4.76,457,2.07,1
1012,28.88,4,5.36,892,0.62,0
1013,29.96,4,6.5,1773,1.37,1
1014,31.22,2,6.69,720,1.26,1
1015,19.35,3,6.5,798,0.0,0
1016,25.77,3,6.24,779,0.02,0
1017,7.91,3,6.08,793,0.0,0
1018,26.62,2,5.25,400,0.8,0
1019,19.59,2,6.5,452,0.52,0
1020,17.65,1,6.5,262,0.15,0
1021,31.87,4,6.5,145,2.13,1
1022,25.93,3,6.28,925,0.07,0
1023,21.28,1,4.26,797,0.99,0
1024,24.68,1,5.22,140,0.03,0
1025,25.09,2,6.05,598,0.8,0
1026,25.38,1,6.95,515,1.94,1
1027,27.48,4,6.5,1204,0.76,0
1028,20.45,2,6.5,917,0.86,1
1029,25.49,1,6.5,434,1.44,1
1030,26.09,3,6.5,1117,1.33,1
1031,30.07,2,6.5,443,0.8,0
1032,26.46,2,5.61,592,0.78,0
1033,28.26,1,4.19,948,0.48,1
1034,20.62,1,6.62,496,0.8,1
1035,29.54,4,5.33,1142,0.21,0
1036,22.51,4,7.0,1520,1.7,1
1037,23.72,1,5.43,368,0.31,0
1038,27.32,4,5.9,1076,0.29,0
1039,22.01,2,6.58,831,1.6,1
1040,23.62,4,6.5,1062,0.75,0
1041,26.02,2,6.02,595,0.42,0
1042,41.56,1,5.87,110,0.11,0
1043,22.24,2,5.6,549,0.54,0
1044,19.7,2,4.89,486,0.0,0
1045,35.28,1,5.57,827,1.81,1
1046,28.32,3,4.98,827,0.52,0
1047,30.51,1,5.81,206,0.8,0
1048,29.34,2,5.92,456,0.62,0
1049,29.89,4,6.97,1779,1.47,1
1050,32.07,1,6.82,451,0.88,1
1051,22.99,3,5.65,840,0.66,0
1052,28.58,1,5.36,185,0.73,0
1053,28.04,2,6.47,536,0.73,0
1054,28.88,4,7.01,1591,2.06,1
1055,19.48,4,7.04,1618,1.15,1
1056,21.61,2,6.13,505,0.39,0
1057,31.43,2,6.77,886,1.39,1
1058,21.97,1,6.95,411,0.83,1
1059,20.52,4,6.5,902,0.0,0
1060,26.63,1,6.63,538,2.11,1
1061,26.35,3,6.04,670,0.09,0
1062,13.08,3,6.42,829,0.0,0
1063,22.27,4,5.86,852,0.0,0
1064,19.41,3,7.5,1044,0.8,1
1065,22.38,4,6.52,1493,1.46,1
1066,24.62,3,4.9,974,0.24,0
1067,16.89,2,6.97,880,1.44,1
1068,23.98,1,6.14,279,0.0,0
1069,21.69,2,7.36,817,1.09,1
1070,29.29,1,6.5,210,0.17,0
1071,24.24,4,6.4,1235,0.43,0
1072,24.78,3,6.36,898,0.47,0
1073,26.98,3,7.25,1220,1.19,1
1074,21.73,1,6.46,376,0.5,0
1075,20.97,3,6.8,1513,0.26,0
1076,26.51,2,6.06,464,0.26,0
1077,37.01,2,5.81,414,0.79,0
1078,18.59,4,6.5,1030,0.0,0
1079,30.13,1,7.5,559,1.97,1
1080,12.14,4,7.24,176,1.72,0
1081,27.57,4,6.15,914,0.71,0
1082,16.97,3,5.95,865,0.0,0
1083,16.46,3,6.5,894,0.3,0
1084,33.44,3,6.5,1145,1.65,1
1085,27.3,1,7.34,486,1.47,1
1086,19.19,1,5.95,112,0.8,0
1087,30.9,1,4.8,192,0.8,0
1088,26.13,1,6.5,508,1.96,1
1089,24.88,4,5.97,1292,0.08,0
1090,29.27,4,6.5,1323,0.8,0
1091,29.41,3,7.5,1079,1.64,1
1092,23.62,1,5.69,308,0.55,0
1093,26.32,2,7.5,642,1.1,1
1094,37.73,1,6.29,252,0.8,0
1095,26.68,3,6.53,1278,1.8,1
1096,16.12,4,6.5,1540,0.86,1
1097,19.43,2,6.48,474,0.18,0
1098,16.77,1,6.19,153,0.02,0
1099,29.14,4,5.41,1192,0.27,0
1100,34.4,1,6.5,117,0.79,0
1101,28.86,2,6.15,505,0.8,0
1102,31.38,2,3.21,1124,2.03,0
1103,23.05,2,3.23,1422,0.5,0
1104,26.8,2,7.5,601,2.2,1
1105,26.0,4,6.96,1587,2.2,1
1106,30.41,4,7.44,1743,1.44,1
1107,27.18,1,6.14,170,0.65,0
1108,27.85,3,5.25,719,0.65,0
1109,29.09,3,6.72,1029,1.58,1
1110,23.72,2,4.94,453,0.35,0
1111,15.86,3,5.12,543,0.02,1
1112,27.22,2,6.34,512,0.47,0
1113,11.06,4,6.09,1386,0.0,0
1114,29.31,1,6.5,196,0.74,0
1115,22.95,3,5.78,943,0.32,0
1116,24.81,3,6.17,856,0.31,0
1117,21.78,1,5.37,198,0.78,0
1118,27.69,1,6.5,351,0.46,0
1119,19.16,3,6.24,800,0.32,0
1120,22.96,2,6.9,686,1.77,1
1121,21.07,3,6.83,1292,1.41,1
1122,25.36,4,6.5,1084,0.58,0
1123,30.49,4,6.5,1568,1.33,1
1124,22.22,3,6.5,1211,1.48,1
1125,26.96,3,6.97,1134,1.7,1
1126,28.86,3,6.74,1140,1.93,1
1127,21.0,3,5.83,931,0.59,0
1128,19.24,4,5.8,800,0.0,0
1129,28.8,3,6.5,1330,1.53,1
1130,19.73,1,6.5,419,2.2,1
1131,25.69,3,7.1,1333,1.09,1
1132,25.59,3,5.59,796,0.47,0
1133,19.3,1,7.47,491,1.07,1
1134,21.35,4,6.42,957,0.78,0
1135,24.39,3,6.49,995,0.6,0
1136,40.0,2,3.42,1627,0.33,1
1137,29.77,4,6.8,1761,1.62,1
1138,32.58,4,7.26,1787,0.41,1
1139,28.27,1,5.7,148,0.8,0
1140,14.62,1,7.47,668,2.0,1
1141,13.83,2,5.09,1729,1.97,0
1142,29.66,4,5.59,1253,0.67,0
1143,24.72,3,7.07,1078,1.44,1
1144,26.91,4,7.11,1502,0.8,1
1145,23.3,3,6.5,1272,1.47,1
1146,25.89,2,6.79,649,1.3,1
1147,11.82,2,3.25,642,1.38,0
1148,25.15,3,7.36,1155,1.36,1
1149,13.34,3,5.63,1502,0.8,1
1150,18.59,3,4.96,839,0.28,0
1151,24.73,2,5.86,408,0.59,0
1152,20.4,4,5.58,1103,0.0,0
1153,19.67,1,5.77,220,0.19,0
1154,22.26,3,6.86,1240,1.54,1
1155,27.19,2,5.77,470,0.39,0
1156,18.81,4,6.5,1712,0.81,1
1157,27.68,2,6.94,821,1.05,1
1158,34.53,1,6.98,260,0.73,1
1159,27.47,4,6.32,1260,0.19,0
1160,34.94,2,5.34,401,0.65,0
1161,26.63,3,6.25,666,0.72,0
1162,23.29,2,6.2,561,0.0,0
1163,15.73,2,5.57,522,0.16,0
1164,20.7,4,6.68,1574,1.3,1
1165,24.76,3,6.35,640,0.31,0
1166,30.35,4,6.5,1655,2.03,1
1167,32.89,4,6.5,921,0.72,0
1168,31.62,2,7.02,668,1.64,1
1169,11.9,2,6.5,907,0.8,1
1170,33.27,1,6.62,577,2.2,1
1171,26.61,3,7.36,1006,1.16,1
1172,23.3,4,6.39,1359,0.46,0
1173,28.42,1,5.74,209,0.0,0
1174,19.1,3,5.71,765,0.0,0
1175,23.07,2,6.25,430,0.11,0
1176,18.93,1,6.09,392,0.31,0
1177,34.98,1,6.48,172,0.18,0
1178,29.96,3,5.69,924,0.0,0
1179,21.14,1,5.32,396,0.07,0
1180,18.98,3,5.47,935,0.0,0
1181,31.4,3,4.83,797,0.01,0
1182,29.76,3,6.5,783,0.65,0
1183,32.92,1,5.73,228,0.53,0
1184,25.48,1,6.07,390,0.8,0
1185,22.29,4,5.56,887,0.43,0
1186,24.15,1,6.04,300,0.62,0
1187,26.56,3,6.3,914,0.52,0
1188,31.25,4,6.42,1051,0.18,0
1189,22.49,2,7.19,933,0.8,1
1190,22.6,1,5.9,357,0.0,0
1191,20.73,2,6.5,463,0.09,0
1192,25.13,2,6.5,946,2.02,1
1193,26.62,2,6.34,511,0.18,0
1194,17.48,1,5.77,191,0.23,0
1195,37.23,3,4.71,134,0.78,1
1196,19.98,4,5.38,1240,0.0,0
1197,32.93,4,7.36,1529,1.12,1
1198,20.89,2,6.08,1045,1.17,0
1199,15.2,1,6.5,465,0.99,1
1200,31.42,1,5.99,278,0.26,0
1201,17.45,1,5.96,195,0.45,0
1202,29.11,1,7.01,423,1.23,1
1203,19.81,3,5.4,742,0.8,0
1204,30.39,1,6.22,105,0.8,0
1205,18.26,1,6.5,331,0.02,0
1206,29.06,3,6.79,1082,1.78,1
1207,14.72,2,5.44,1654,2.0,0
1208,21.01,4,6.32,802,0.52,0
1209,28.33,4,6.5,1038,0.17,0
1210,27.64,1,6.31,233,0.8,0
1211,21.25,4,6.5,979,0.0,0
1212,33.87,1,7.12,401,2.2,1
1213,24.19,3,6.5,744,0.0,0
1214,14.69,3,7.5,1114,0.82,1
1215,28.15,2,7.5,966,1.65,1
1216,22.19,3,6.5,894,0.0,0
1217,23.79,4,6.11,1053,0.0,0
1218,24.13,4,6.95,1452,1.51,1
1219,21.85,4,5.85,1122,0.0,0
1220,14.45,1,6.5,210,0.0,0
1221,20.54,3,6.05,895,0.18,0
1222,29.46,2,5.02,576,0.8,0
1223,34.74,3,5.96,740,0.8,0
1224,19.79,1,6.16,176,0.0,0
1225,20.01,3,6.5,1068,0.8,1
1226,29.17,2,7.5,638,1.87,1
1227,23.09,4,5.9,1318,0.17,0
1228,31.44,1,6.5,354,0.8,0
1229,33.72,4,6.5,1399,0.09,0
1230,29.73,1,6.5,222,0.54,0
1231,23.3,4,5.53,845,0.8,0
1232,12.19,2,6.51,887,0.86,1
1233,24.82,3,6.78,1164,1.22,1
1234,26.26,1,5.67,284,0.53,0
1235,15.81,4,5.74,1019,0.0,0
1236,27.4,2,6.5,850,1.47,1
1237,19.65,3,6.56,1224,1.18,1
1238,14.17,4,6.63,1745,0.91,1
1239,26.52,1,5.33,201,0.54,0
1240,27.06,3,6.13,753,0.08,0
1241,19.06,3,7.11,1289,0.95,1
1242,15.67,4,6.91,1540,1.55,1
1243,12.06,2,4.72,1487,1.22,0
1244,21.13,1,5.56,112,0.3,0
1245,26.4,2,6.5,521,0.25,0
1246,19.38,4,6.31,1013,0.73,0
1247,14.35,1,7.5,446,1.43,1
1248,21.44,3,6.3,788,0.8,0
1249,32.07,2,6.56,692,1.17,1
1250,22.68,1,6.5,484,1.99,1
1251,26.59,2,7.2,901,1.25,1
1252,28.22,1,6.04,176,0.1,0
1253,32.11,4,6.5,1142,0.56,0
1254,22.0,2,6.22,485,0.52,0
1255,22.13,3,5.28,787,0.14,0
1256,25.85,1,6.57,565,2.2,1
1257,21.68,1,6.19,117,0.0,0
1258,24.48,4,6.23,1262,0.0,0
1259,16.93,2,7.28,880,1.07,1
1260,30.46,3,6.01,600,0.8,0
1261,23.1,2,6.5,824,0.8,1
1262,28.22,4,6.0,1384,0.23,0
1263,18.91,4,6.42,1241,0.43,0
1264,29.75,3,6.5,1157,1.45,1
1265,21.67,1,7.5,455,1.4,1
1266,22.04,1,6.26,390,0.24,0
1267,26.52,1,7.41,784,1.19,0
1268,31.22,4,7.12,1486,1.32,1
1269,24.55,3,5.73,963,0.21,0
1270,34.54,3,6.5,1368,2.2,1
1271,22.93,1,5.66,233,0.54,0
1272,19.83,3,7.37,1241,1.44,1
1273,27.19,2,7.2,620,1.65,1
1274,30.1,1,6.77,503,2.19,1
1275,34.86,2,6.06,420,0.8,0
1276,12.63,4,5.4,1389,0.15,0
1277,27.79,3,5.7,931,0.0,0
1278,23.06,1,6.5,112,0.59,0
1279,31.14,4,6.06,1044,0.78,0
1280,28.86,3,6.1,789,0.44,0
1281,27.7,4,6.5,1071,0.66,0
1282,29.75,4,6.37,1184,0.75,0
1283,23.58,1,5.23,384,0.43,0
1284,29.1,2,5.88,589,0.8,0
1285,26.57,3,6.13,950,0.8,0
1286,22.75,1,6.55,418,1.45,1
1287,28.12,1,6.2,343,0.0,0
1288,26.74,2,6.67,940,1.77,1
1289,29.81,4,6.88,805,1.38,1
1290,14.84,3,5.96,600,0.15,0
1291,24.58,3,6.02,960,0.8,0
1292,35.0,3,6.5,674,0.8,0
1293,31.48,4,5.82,866,0.8,0
1294,26.57,3,6.13,831,0.0,0
1295,23.0,4,7.18,1619,1.5,1
1296,19.29,4,6.5,1451,1.71,1
1297,26.46,3,6.5,788,0.46,0
1298,19.97,4,6.5,1609,1.03,1
1299,26.63,4,6.5,1043,0.0,0
1300,24.03,2,6.49,457,0.8,0
1301,27.82,3,6.5,1298,1.67,1
1302,29.15,1,6.5,214,0.31,0
1303,27.39,2,5.8,405,0.67,0
1304,23.76,3,7.43,1170,1.05,1
1305,27.82,4,5.81,798,0.04,1
1306,24.99,2,6.32,594,0.02,0
1307,18.69,4,7.49,1433,1.41,1
1308,27.42,3,7.5,1129,1.72,1
1309,24.84,3,6.35,719,0.28,0
1310,34.48,2,6.9,813,1.95,1
1311,27.95,1,6.82,580,1.33,1
1312,28.81,2,6.83,877,1.53,1
1313,33.96,4,5.25,498,2.3,0
1314,25.01,1,6.34,252,0.79,0
1315,27.65,2,6.54,763,2.2,1
1316,24.82,3,6.49,945,0.8,0
1317,30.13,1,6.95,548,2.02,1
1318,29.19,4,6.57,1731,2.2,1
1319,25.3,2,7.39,639,1.77,1
1320,20.85,2,5.27,511,0.72,0
1321,24.03,3,5.43,738,0.8,0
1322,25.91,1,5.74,281,0.32,0
1323,24.04,2,6.63,879,1.44,1
1324,16.36,4,6.58,1577,1.03,1
1325,35.49,1,5.33,160,0.79,0
1326,22.4,3,6.5,691,0.77,0
1327,36.73,2,6.24,450,0.54,0
1328,20.71,2,6.44,522,0.13,0
1329,23.09,1,5.42,307,0.0,0
1330,29.79,1,4.85,202,0.63,0
1331,17.25,1,6.04,184,0.0,0
1332,12.23,1,6.02,303,0.0,0
1333,20.48,4,5.82,1127,0.8,0
1334,19.72,2,3.79,309,1.28,1
1335,17.73,4,7.5,1542,1.11,1
1336,23.02,3,6.5,1015,1.4,1
1337,37.68,1,5.02,1648,1.55,0
1338,23.29,2,6.26,569,0.0,0
1339,20.18,1,7.4,423,1.04,1
1340,27.74,4,5.76,1311,0.8,0
1341,26.81,2,5.57,579,0.26,0
1342,23.47,4,5.8,847,0.0,0
1343,20.82,3,6.5,810,0.08,0
1344,31.3,2,6.17,505,0.34,0
1345,11.55,1,5.99,141,0.34,0
1346,29.98,1,6.6,536,2.2,1
1347,25.09,3,6.5,1203,1.66,1
1348,23.99,2,7.5,672,1.5,1
1349,24.38,2,5.93,534,0.35,0
1350,23.1,1,6.82,473,1.18,1
1351,24.4,2,5.75,471,0.0,0
1352,25.35,1,5.52,323,0.43,0
1353,29.25,4,6.5,807,0.54,0
1354,32.59,1,7.22,532,1.94,1
1355,23.68,2,6.45,506,0.37,0
1356,31.29,2,5.46,451,0.8,0
1357,31.08,1,5.53,371,0.21,0
1358,34.03,2,6.41,1116,2.43,1
1359,26.13,1,7.01,527,1.16,1
1360,23.76,2,7.5,992,1.24,1
1361,28.06,1,6.04,345,0.41,0
1362,28.73,1,5.12,358,0.8,0
1363,25.66,1,6.29,333,0.0,0
1364,32.84,4,3.93,764,1.74,1
1365,18.32,3,5.65,735,0.63,0
1366,28.28,4,5.93,1382,0.0,0
1367,16.07,2,6.02,562,0.5,0
1368,19.58,1,6.5,449,0.98,1
1369,13.25,3,3.31,1751,0.0,1
1370,26.65,1,6.5,180,0.0,0
1371,23.81,1,6.5,143,0.66,0
1372,26.15,4,4.27,1352,0.33,0
1373,19.02,4,5.49,859,0.68,0
1374,27.1,1,5.6,187,0.43,0
1375,23.8,4,6.5,843,0.0,0
1376,30.65,2,7.14,735,2.09,1
1377,26.81,4,6.29,1023,0.08,0
1378,27.39,1,7.5,498,1.8,1
1379,22.87,3,6.57,1242,1.47,1
1380,22.11,3,6.5,1235,1.11,1
1381,27.77,3,7.09,1257,1.46,1
1382,27.8,2,6.5,485,0.72,0
1383,19.87,2,6.16,413,0.36,0
1384,23.15,2,6.6,903,1.45,1
1385,25.97,2,5.54,537,0.8,0
1386,27.65,2,5.96,432,0.31,0
1387,27.19,4,6.19,1167,0.8,0
1388,23.01,4,5.69,964,0.48,0
1389,23.07,2,6.5,992,1.47,1
1390,29.62,4,5.63,1191,0.8,0
1391,28.5,2,7.05,717,1.48,1
1392,26.22,2,5.72,594,0.13,0
1393,31.25,2,3.16,1771,1.31,1
1394,23.79,1,6.5,242,0.8,0
1395,30.96,2,5.61,511,0.5,0
1396,26.79,1,7.5,451,1.86,1
1397,17.59,1,6.5,536,1.38,1
1398,32.0,1,5.17,370,0.8,0
1399,42.37,2,5.71,577,0.8,0
1400,21.27,4,5.67,1066,0.41,0
1401,16.75,4,6.41,1290,0.65,0
1402,31.42,4,6.5,1513,2.2,1
1403,31.76,4,6.5,1407,1.84,1
1404,30.41,1,5.1,346,0.05,0
1405,21.83,2,6.5,600,0.85,1
1406,32.05,3,6.5,681,0.8,0
1407,17.19,4,5.89,867,0.0,0
1408,25.63,3,6.03,933,0.7,0
1409,23.12,1,7.23,529,2.13,1
1410,22.98,3,5.65,649,0.63,0
1411,22.2,4,5.51,1367,0.37,0
1412,25.06,4,6.5,1507,1.54,1
1413,23.48,3,7.13,1285,1.05,1
1414,18.21,4,6.5,959,0.19,0
1415,18.95,3,6.79,1185,2.03,1
1416,18.86,2,7.5,907,0.8,1
1417,37.28,2,5.85,407,0.8,0
1418,26.83,2,6.5,831,1.68,1
1419,18.73,4,6.5,1299,0.39,0
1420,33.95,3,6.13,761,0.69,0
1421,31.01,3,6.65,1213,1.08,1
1422,24.73,2,6.13,538,0.59,0
1423,27.05,2,6.61,952,1.85,1
1424,25.06,1,4.9,314,0.12,0
1425,22.41,1,6.0,221,0.8,0
1426,25.63,4,6.5,898,0.39,0
1427,29.62,4,6.88,1632,2.08,1
1428,28.42,4,5.44,1279,0.8,0
1429,32.25,2,5.36,586,0.75,0
1430,35.48,4,5.92,1216,0.8,0
1431,28.39,4,5.66,1226,0.27,0
1432,27.47,1,4.84,214,0.24,0
1433,25.4,1,5.55,260,0.8,0
1434,24.6,1,6.77,570,1.78,1
1435,23.57,2,5.12,403,0.8,0
1436,22.46,4,6.64,1425,1.77,1
1437,23.77,3,6.5,861,0.4,0
1438,16.31,1,4.98,1603,1.26,0
1439,21.43,4,5.75,1247,0.29,0
1440,32.79,4,5.5,859,0.8,0
1441,31.81,3,6.97,1359,2.08,1
1442,16.4,3,6.16,807,0.0,0
1443,24.38,1,6.5,264,0.59,0
1444,23.94,2,4.12,676,0.39,1
1445,28.26,3,6.79,1386,0.99,1
1446,15.47,1,5.93,218,0.03,0
1447,16.77,1,6.61,556,0.89,1
1448,18.87,1,7.42,408,1.28,1
1449,22.74,4,5.92,1327,0.11,0
1450,24.27,4,6.86,1685,1.6,1
1451,21.83,3,6.29,617,0.0,0
1452,26.02,4,5.77,1311,0.7,0
1453,24.18,1,6.03,332,0.0,0
1454,26.08,1,7.5,544,1.27,1
1455,30.48,3,3.17,471,2.32,0
1456,18.82,1,6.5,518,1.07,1
1457,25.97,4,6.79,1527,1.88,1
1458,11.95,4,6.07,1128,0.93,0
1459,25.29,1,6.5,154,0.44,0
1460,36.0,3,7.07,1378,2.19,1
1461,34.88,4,5.88,809,0.8,0
1462,30.32,1,7.03,547,1.78,1
1463,22.36,2,6.44,583,0.66,0
1464,25.8,4,5.27,831,0.0,0
1465,27.26,1,6.76,486,1.15,1
1466,32.64,2,7.34,751,0.93,1
1467,32.2,1,6.5,452,2.2,1
1468,18.99,1,6.5,464,1.65,1
1469,30.38,2,6.45,539,0.33,0
1470,28.64,1,5.35,381,0.51,0
1471,31.68,2,6.59,971,1.49,1
1472,24.73,2,6.26,412,0.42,0
1473,20.04,1,5.73,354,0.0,0
1474,21.22,3,6.36,748,0.36,0
1475,26.11,2,6.5,561,0.8,0
1476,15.2,1,6.69,486,0.8,1
1477,22.77,2,7.3,951,1.65,1
1478,19.67,2,6.5,485,0.58,0
1479,29.01,4,6.09,987,0.38,0
1480,32.85,2,5.85,509,0.8,0
1481,27.67,1,7.06,555,1.88,1
1482,24.02,3,7.14,1156,1.27,1
1483,17.73,4,7.06,1520,0.8,1
1484,32.68,2,6.98,834,1.58,1
1485,27.53,1,5.97,171,0.8,0
1486,16.67,1,6.65,574,1.39,1
1487,33.3,4,6.5,1202,0.16,0
1488,25.79,2,7.01,855,0.8,1
1489,13.51,3,6.1,864,0.32,0
1490,14.41,2,5.73,472,0.0,0
1491,34.38,4,6.5,831,0.22,0
1492,28.24,2,5.82,405,0.8,0
1493,25.62,1,6.25,279,0.49,0
1494,27.17,2,6.5,576,0.0,0
1495,31.1,1,6.29,166,0.8,0
1496,28.47,2,5.87,451,0.8,0
1497,30.51,4,6.5,1690,1.35,1
1498,28.56,1,5.81,227,0.47,0
1499,25.75,4,6.28,1132,0.33,0
1500,17.68,2,5.84,504,0.31,0
1501,18.47,1,5.55,169,0.13,0
1502,18.18,4,6.33,1139,0.62,0
1503,35.67,1,5.64,376,0.17,0
1504,27.45,1,6.5,147,0.59,0
1505,28.11,2,6.5,482,0.63,0
1506,24.15,3,7.5,1052,1.67,1
1507,31.13,4,6.5,960,0.76,0
1508,26.23,2,7.5,703,2.2,1
1509,34.63,4,3.39,1477,2.49,0
1510,28.17,4,6.5,1443,1.13,1
1511,27.74,2,5.64,583,0.33,0
1512,27.7,3,6.99,1113,2.09,1
1513,31.46,1,5.7,422,0.01,0
1514,25.23,4,6.95,1416,1.57,1
1515,15.88,3,5.88,871,0.22,0
1516,25.79,3,7.03,1304,1.05,1
1517,11.36,1,4.16,317,1.03,0
1518,24.89,4,7.17,1796,1.52,1
1519,23.65,2,6.21,502,0.58,0
1520,29.86,4,7.01,1680,1.21,1
1521,22.99,1,7.19,497,1.46,1
1522,23.1,2,6.46,461,0.0,0
1523,24.88,1,6.99,1641,0.05,1
1524,19.64,2,6.81,727,0.83,1
1525,16.71,4,5.78,943,0.0,0
1526,23.52,1,5.37,267,0.0,0
1527,28.65,3,5.87,959,0.8,0
1528,23.8,1,6.5,585,2.2,1
1529,30.16,4,5.6,1240,0.13,0
1530,24.78,2,6.5,457,0.12,0
1531,29.22,3,5.68,640,0.45,0
1532,36.51,1,6.5,1687,0.26,1
1533,34.33,4,3.9,751,1.19,0
1534,32.52,1,5.35,176,0.8,0
1535,25.02,3,5.73,825,0.05,0
1536,26.32,1,6.5,443,1.61,1
1537,26.49,4,6.5,1014,0.8,0
1538,27.42,1,5.62,308,0.76,0
1539,26.06,1,6.29,175,0.33,0
1540,23.99,3,6.59,1117,2.09,1
1541,22.48,1,5.77,249,0.0,0
1542,33.59,3,5.96,881,0.45,0
1543,22.69,3,6.5,1176,1.24,1
1544,23.14,1,6.13,252,0.0,0
1545,16.33,3,5.63,873,2.03,0
1546,24.27,2,5.79,521,0.32,0
1547,31.51,1,6.5,549,1.2,1
1548,20.56,4,7.03,1603,0.99,1
1549,25.71,1,6.09,117,0.75,0
1550,24.3,2,5.44,438,0.52,0
1551,26.17,4,5.88,991,0.0,0
1552,28.6,3,6.95,1110,1.88,1
1553,26.34,3,6.5,897,0.74,0
1554,23.01,1,6.34,290,0.0,0
1555,30.74,2,5.86,423,0.03,0
1556,24.03,2,5.29,456,0.8,0
1557,29.12,1,5.89,301,0.25,0
1558,18.07,2,6.11,502,0.71,0
1559,22.44,3,6.5,661,0.8,0
1560,24.26,2,6.07,406,0.46,0
1561,33.68,4,5.8,915,0.8,0
1562,19.69,1,6.5,573,0.8,1
1563,21.75,3,6.55,1178,1.08,1
1564,30.58,4,6.86,1629,1.54,1
1565,24.79,2,6.5,645,1.15,1
1566,20.37,2,6.5,668,1.9,1
1567,19.98,1,6.5,522,1.37,1
1568,34.06,3,5.2,631,0.8,0
1569,31.2,4,5.84,1284,0.66,0
1570,25.07,2,6.33,485,0.32,0
1571,21.08,2,6.63,882,1.72,1
1572,18.75,1,6.5,171,0.44,0
1573,21.13,1,6.87,1328,0.52,0
1574,26.82,2,5.39,1506,1.87,0
1575,16.41,4,7.45,915,1.68,1
1576,32.19,4,6.01,1127,0.25,0
1577,19.23,2,5.48,510,0.39,0
1578,20.13,2,5.75,537,0.71,0
1579,29.06,4,5.94,1122,0.65,0
1580,24.37,2,6.77,705,1.16,1
1581,22.57,1,7.5,406,1.19,1
1582,27.48,2,6.5,561,0.74,0
1583,28.68,4,6.5,1623,1.72,1
1584,20.46,2,6.1,492,0.0,0
1585,34.08,2,3.81,1205,1.7,0
1586,23.36,1,7.38,455,0.8,1
1587,22.91,2,7.5,612,0.97,1
1588,26.67,1,5.55,287,0.8,0
1589,20.81,3,5.44,808,0.02,0
1590,22.73,4,6.04,807,0.08,0
1591,12.88,3,5.74,744,0.8,0
1592,20.03,2,6.95,877,2.2,1
1593,19.8,2,6.59,840,1.42,1
1594,29.28,1,7.06,1209,1.83,0
1595,20.72,4,6.97,1793,2.2,1
1596,24.78,1,7.5,541,1.49,1
1597,29.03,2,7.5,798,1.59,1
1598,34.33,3,5.18,781,0.74,0
1599,26.83,1,6.15,318,0.38,0
1600,22.4,4,6.52,1662,2.2,1
1601,34.31,2,7.05,977,1.76,1
1602,17.67,3,5.99,930,0.21,0
1603,22.68,4,7.5,1471,0.8,1
1604,24.93,1,6.5,434,1.35,1
1605,16.58,1,4.51,1625,2.38,1
1606,20.49,4,6.5,960,0.13,0
1607,23.55,4,4.06,1192,1.94,0
1608,26.78,4,6.5,1601,1.95,1
1609,25.43,4,6.5,856,0.25,0
1610,25.56,1,6.5,598,1.63,1
1611,25.17,3,7.1,1289,1.36,1
1612,15.93,1,4.06,1440,1.58,1
1613,20.86,4,5.55,833,0.66,0
1614,27.3,2,6.3,423,0.77,0
1615,24.58,2,6.41,489,0.0,0
1616,21.26,2,5.44,536,0.0,0
1617,30.93,1,6.33,202,0.52,0
1618,30.16,3,6.5,749,0.8,0
1619,22.98,1,6.5,430,1.21,1
1620,29.01,4,5.85,1358,0.52,0
1621,25.53,1,6.02,245,0.0,0
1622,27.37,2,6.84,830,2.1,1
1623,19.94,2,6.5,408,0.0,0
1624,31.85,2,6.02,404,0.62,0
1625,27.36,4,5.39,1166,0.64,0
1626,15.82,3,5.5,759,0.23,0
1627,25.74,3,5.22,925,0.17,0
1628,22.25,1,5.6,206,0.0,0
1629,36.76,4,3.08,532,0.23,0
1630,28.97,3,6.28,709,0.8,0
1631,27.12,2,6.13,675,2.26,1
1632,18.52,2,6.5,970,0.98,1
1633,22.84,1,4.2,818,2.29,1
1634,20.51,1,6.5,594,0.8,1
1635,31.07,3,6.5,1363,1.29,1
1636,27.65,1,6.55,577,1.83,1
1637,27.46,2,5.61,573,0.8,0
1638,24.12,1,7.22,537,1.85,1
1639,14.49,4,5.26,448,1.76,0
1640,24.53,3,6.5,798,0.5,0
1641,28.01,3,6.5,983,0.39,0
1642,29.36,3,6.39,665,0.8,0
1643,19.43,1,6.25,177,0.4,0
1644,30.76,3,5.89,857,0.57,0
1645,24.4,4,6.3,1032,0.38,0
1646,24.41,1,5.2,218,0.41,0
1647,24.96,2,5.88,461,0.19,0
1648,25.7,4,6.29,1041,0.8,0
1649,26.41,1,6.29,315,0.0,0
1650,18.78,4,5.76,1063,0.0,0
1651,17.62,4,6.78,1688,1.43,1
1652,28.8,4,6.5,1074,0.0,0
1653,14.23,3,7.37,1129,1.68,1
1654,35.11,1,3.34,401,0.92,0
1655,25.46,4,6.71,1532,1.97,1
1656,28.01,1,6.62,579,0.84,1
1657,15.72,1,5.7,323,0.0,0
1658,19.22,2,6.22,507,0.05,0
1659,20.61,4,6.44,1211,0.41,0
1660,26.5,3,7.5,1312,1.43,1
1661,32.58,3,7.5,1231,2.14,1
1662,23.01,4,5.85,809,0.13,0
1663,29.03,1,5.79,244,0.8,0
1664,17.51,2,6.5,841,1.7,1
1665,21.67,2,5.64,488,0.0,0
1666,23.7,3,6.79,1283,1.06,1
1667,25.85,4,5.83,1025,0.38,0
1668,21.62,1,6.43,347,0.5,0
1669,23.61,1,7.08,437,1.26,1
1670,25.65,4,6.69,1672,1.08,1
1671,28.49,4,5.97,945,0.42,0
1672,16.84,4,6.5,983,0.36,0
1673,27.24,2,5.83,1518,2.43,0
1674,19.72,3,6.07,709,0.69,0
1675,20.73,1,6.5,411,1.09,1
1676,27.73,2,5.74,537,0.8,0
1677,17.12,3,6.59,1057,1.23,1
1678,21.43,3,6.04,953,0.0,0
1679,34.84,2,6.29,401,0.8,0
1680,26.06,3,7.48,1281,2.2,1
1681,17.92,3,5.74,929,0.0,0
1682,21.38,1,5.74,398,0.0,0
1683,23.37,4,5.65,1175,0.45,0
1684,24.93,2,6.75,982,0.8,1
1685,26.46,1,7.06,583,2.0,1
1686,17.7,2,5.83,409,0.25,0
1687,29.58,1,6.5,494,2.19,1
1688,18.88,4,6.63,1688,1.09,1
1689,27.92,3,5.85,945,0.8,0
1690,24.68,1,6.11,298,0.12,0
1691,29.64,3,6.5,720,0.0,0
1692,20.75,1,6.55,483,1.4,1
1693,23.0,1,6.33,131,0.0,0
1694,24.03,3,6.78,1237,0.9,1
1695,21.6,3,5.95,959,0.62,0
1696,19.21,4,5.94,918,0.22,0
1697,18.14,1,6.62,556,0.8,1
1698,29.38,2,6.22,301,1.02,0
1699,21.96,2,6.47,525,0.5,0
1700,19.69,1,6.66,1310,0.33,0
1701,27.19,1,5.08,170,0.7,0
1702,27.34,3,6.5,1144,1.21,1
1703,18.12,4,6.53,1712,2.2,1
1704,18.79,4,6.02,1170,0.0,0
1705,27.05,2,6.5,760,1.49,1
1706,25.01,3,6.87,1185,0.95,1
1707,26.81,2,6.07,554,0.17,0
1708,23.0,3,5.03,602,0.71,0
1709,21.87,1,6.45,378,0.8,0
1710,29.6,4,6.33,1103,0.09,0
1711,12.5,4,7.34,1647,1.62,1
1712,16.52,3,5.88,738,0.8,0
1713,26.61,2,5.21,448,0.8,0
1714,22.82,2,5.47,540,0.0,0
1715,30.45,2,5.78,583,0.8,0
1716,20.5,3,6.06,696,0.0,0
1717,21.39,2,6.5,457,0.53,0
1718,27.47,3,7.23,1281,1.19,1
1719,26.16,2,6.08,421,0.67,0
1720,26.27,3,6.5,1273,0.81,1
1721,23.04,1,6.27,220,0.0,0
1722,16.73,4,5.99,962,0.0,0
1723,38.24,2,3.16,550,1.78,0
1724,24.68,3,6.48,881,0.41,0
1725,25.4,3,5.28,699,0.41,0
1726,28.15,3,5.93,989,0.0,0
1727,25.3,3,5.84,857,0.0,0
1728,29.15,3,5.65,638,0.56,0
1729,31.36,4,5.44,1242,0.8,0
1730,24.32,2,7.5,929,0.96,1
1731,28.22,2,6.5,790,1.98,1
1732,27.27,1,6.6,491,2.19,1
1733,20.11,1,6.2,187,0.35,0
1734,27.53,4,6.5,1103,0.0,0
1735,20.59,4,6.05,1116,0.06,0
1736,33.58,1,7.48,524,1.78,1
1737,29.56,1,6.5,428,1.35,1
1738,34.76,2,6.2,512,0.8,0
1739,29.58,3,7.05,1324,2.2,1
1740,28.62,2,6.25,462,0.45,0
1741,25.83,4,5.29,845,0.8,0
1742,30.08,4,5.51,845,0.69,0
1743,34.95,2,6.16,528,0.8,0
1744,23.95,3,6.15,757,0.0,0
1745,19.92,1,5.91,306,0.8,0
1746,20.79,1,7.1,590,1.3,1
1747,23.07,4,5.41,1090,0.19,0
1748,19.94,2,6.5,400,0.32,0
1749,32.15,1,5.92,750,1.25,0
1750,23.81,3,5.98,994,0.51,0
1751,15.23,4,5.94,941,0.0,0
1752,19.41,3,7.01,1129,2.12,1
1753,25.15,3,7.31,1226,1.11,1
1754,24.95,2,6.5,705,1.46,1
1755,30.51,2,5.42,596,0.8,0
1756,26.49,2,6.35,432,0.7,0
1757,18.92,3,6.5,1279,0.8,1
1758,31.1,2,5.94,598,0.8,0
1759,28.56,3,6.5,926,0.8,0
1760,21.03,4,6.4,1389,0.51,0
1761,28.94,3,5.94,771,0.38,0
1762,27.11,3,6.39,731,0.8,0
1763,31.54,2,5.69,407,0.8,0
1764,19.23,4,6.16,1339,0.29,0
1765,23.48,1,7.25,404,1.79,1
1766,33.18,2,6.13,543,0.44,0
1767,25.88,1,7.16,520,1.15,1
1768,31.46,4,5.03,1069,0.8,0
1769,22.59,2,6.31,578,0.0,0
1770,25.74,1,5.17,147,0.6,0
1771,28.76,1,4.83,125,0.8,0
1772,27.02,1,7.5,415,1.64,1
1773,23.75,2,6.01,501,0.31,0
1774,27.64,4,6.14,932,0.44,0
1775,28.57,2,4.34,1558,0.51,1
1776,33.23,2,5.44,788,1.17,1
1777,24.37,2,5.96,407,0.8,0
1778,27.6,4,6.24,817,0.19,0
1779,31.08,1,3.91,1627,0.29,1
1780,24.09,4,6.72,1580,1.22,1
1781,20.74,2,6.95,621,1.04,1
1782,26.12,4,6.5,952,0.0,0
1783,19.96,3,7.0,1358,1.29,1
1784,29.06,3,5.78,942,0.53,0
1785,22.7,4,5.43,1001,0.0,0
1786,25.18,2,6.53,795,0.8,1
1787,25.98,1,6.76,498,1.52,1
1788,32.41,4,5.55,209,1.59,1
1789,33.19,1,7.29,485,1.42,1
1790,18.41,1,5.64,118,0.62,0
1791,32.27,4,6.46,1211,0.43,0
1792,28.57,3,6.23,636,0.49,0
1793,31.41,1,5.17,367,0.8,0
1794,34.87,3,5.86,766,0.65,0
1795,30.87,4,7.27,1752,1.32,1
1796,22.91,4,6.1,1142,0.08,0
1797,27.97,1,6.35,301,0.16,0
1798,29.31,1,6.92,495,2.05,1
1799,22.61,2,5.55,518,0.0,0
1800,21.97,4,7.29,1689,1.4,1
1801,19.88,4,5.93,917,0.0,0
1802,25.17,1,6.25,374,0.77,0
1803,25.9,1,6.39,325,0.56,0
1804,23.98,2,5.67,456,0.02,0
1805,27.08,3,5.68,838,0.49,0
1806,19.13,2,7.0,825,1.19,1
1807,18.67,2,5.47,135,1.12,1
1808,23.07,4,5.88,903,0.72,0
1809,28.35,2,5.42,447,0.74,0
1810,20.65,2,6.5,510,0.0,0
1811,37.44,4,7.09,652,1.03,1
1812,20.53,4,6.17,1134,0.16,0
1813,30.39,4,7.06,1489,0.94,1
1814,25.04,2,6.5,813,1.06,1
1815,26.22,2,6.5,493,0.8,0
1816,23.24,4,6.5,1438,1.61,1
1817,19.52,4,6.87,1694,0.8,1
1818,21.51,1,6.95,405,1.06,1
1819,38.75,2,6.5,557,0.8,0
1820,23.49,1,7.5,566,0.8,1
1821,30.59,2,6.5,495,0.7,0
1822,25.71,1,6.41,263,0.42,0
1823,26.29,3,4.82,968,0.19,0
1824,22.6,2,6.6,730,1.12,1
1825,27.88,2,7.05,633,0.8,1
1826,19.15,4,6.45,1280,0.0,0
1827,33.53,4,7.09,1778,1.31,0
1828,23.1,1,5.86,398,0.46,0
1829,28.9,4,5.54,1330,0.8,0
1830,23.17,2,5.74,517,0.2,0
1831,27.06,2,6.76,991,1.63,1
1832,21.82,4,6.21,945,0.0,0
1833,24.74,3,6.25,956,0.11,0
1834,29.39,2,5.81,463,0.8,0
1835,32.62,4,5.94,935,0.8,0
1836,19.1,2,6.5,638,0.8,1
1837,21.72,4,6.5,1431,1.16,1
1838,21.8,4,5.54,1673,2.09,0
1839,27.32,1,6.5,188,0.0,0
1840,24.61,1,6.3,326,0.56,0
1841,21.86,2,6.5,691,1.87,1
1842,25.63,3,7.47,1316,1.05,1
1843,20.5,1,6.91,424,2.2,1
1844,32.77,3,6.03,750,0.17,0
1845,19.34,1,6.81,498,1.7,1
1846,28.93,1,6.5,580,1.78,1
1847,29.22,3,6.17,734,0.79,0
1848,33.21,3,7.09,1047,0.91,0
1849,27.39,3,6.5,745,0.5,0
1850,22.49,1,6.5,367,0.0,0
1851,33.44,4,6.5,1340,0.29,0
1852,16.96,1,6.5,298,0.0,0
1853,36.3,4,5.19,936,0.8,0
1854,18.29,2,4.85,370,0.57,0
1855,32.82,3,6.5,966,0.44,0
1856,26.29,3,6.5,877,0.0,0
1857,27.03,2,6.03,474,0.8,0
1858,18.67,4,6.24,1194,0.09,0
1859,22.52,2,7.08,885,1.11,1
1860,22.22,3,6.41,889,0.1,1
1861,13.32,1,6.38,863,0.6,1
1862,34.19,4,6.5,1619,1.51,1
1863,20.04,4,6.45,849,0.0,0
1864,24.24,3,6.5,1317,1.88,1
1865,21.21,4,6.28,1310,0.8,0
1866,30.5,2,6.48,504,0.09,0
1867,25.38,2,6.5,456,0.42,0
1868,37.5,3,5.98,957,0.77,0
1869,12.19,3,5.86,127,1.1,0
1870,23.05,2,6.5,754,1.17,1
1871,27.37,4,5.88,827,0.8,0
1872,20.48,1,6.5,322,0.4,0
1873,28.61,3,6.47,850,0.65,0
1874,30.26,2,5.22,423,0.36,0
1875,22.12,2,5.44,443,0.47,0
1876,28.9,3,6.02,801,0.8,0
1877,32.99,4,6.66,1633,2.04,1
1878,23.04,1,7.13,430,2.2,1
1879,37.53,2,7.19,1150,1.24,0
1880,21.59,4,5.9,1318,0.14,0
1881,32.98,2,7.01,815,1.84,1
1882,28.27,2,6.5,735,1.73,1
1883,23.89,1,6.5,432,1.85,1
1884,24.8,1,6.5,574,1.34,1
1885,20.8,2,6.86,689,1.32,1
1886,15.53,4,6.48,926,0.25,0
1887,27.59,4,6.91,1770,1.6,1
1888,24.61,2,7.5,930,1.8,1
1889,32.15,3,6.94,1230,2.12,1
1890,18.57,4,6.17,1173,0.0,0
1891,32.64,1,6.18,213,0.0,0
1892,15.32,2,7.22,692,0.91,1
1893,22.63,2,5.21,464,0.03,0
1894,17.09,1,7.24,545,1.18,1
1895,29.96,4,6.2,1267,0.8,0
1896,23.17,2,7.5,765,1.23,1
1897,24.05,1,6.44,188,0.0,0
1898,27.43,1,6.59,566,1.5,1
1899,21.82,2,5.98,470,0.37,0
1900,32.57,2,5.5,566,0.35,0
1901,26.42,3,6.7,1230,1.71,1
1902,19.74,3,6.7,1292,0.96,1
1903,25.33,4,6.92,1660,1.34,1
1904,24.69,1,5.52,272,0.8,0
1905,31.11,2,6.5,433,0.42,0
1906,26.88,1,6.07,162,0.8,0
1907,23.99,2,7.49,738,1.9,1
1908,27.29,2,7.48,699,1.27,1
1909,36.04,3,6.31,1585,0.38,0
1910,22.96,1,6.5,546,1.23,1
1911,38.18,4,7.41,1229,1.31,1
1912,26.11,1,6.62,484,1.47,1
1913,19.36,1,6.5,135,0.17,0
1914,34.19,2,5.17,535,0.3,0
1915,33.08,1,7.49,416,1.09,1
1916,31.39,1,7.3,328,2.02,0
1917,33.31,1,6.5,395,0.8,0
1918,29.29,2,6.01,491,0.4,0
1919,15.32,1,5.03,1613,0.87,1
1920,36.15,1,3.24,755,1.32,1
1921,13.95,2,6.11,1604,2.25,0
1922,22.52,4,6.5,1608,1.25,1
1923,32.82,4,6.05,1342,0.8,0
1924,24.28,3,5.79,740,0.34,0
1925,29.59,4,6.5,1722,2.2,1
1926,16.84,1,6.64,536,1.23,1
1927,27.02,4,6.5,1626,1.57,1
1928,30.38,2,7.5,985,0.92,1
1929,27.35,2,6.98,961,1.76,1
1930,27.76,3,7.5,1361,1.95,1
1931,27.88,1,6.38,179,0.3,0
1932,26.32,4,7.17,1452,1.59,1
1933,25.37,2,7.5,681,1.79,1
1934,25.26,1,6.16,167,0.55,0
1935,12.87,1,5.84,226,2.46,0
1936,28.62,2,6.5,948,1.32,1
1937,22.38,3,5.93,796,0.49,0
1938,19.28,1,7.5,555,1.39,1
1939,34.43,2,6.29,501,0.8,0
1940,24.22,1,6.03,218,0.0,0
1941,25.93,1,7.1,436,1.96,1
1942,23.04,1,4.8,342,0.75,0
1943,19.25,4,6.23,1009,0.77,0
1944,28.74,1,5.39,254,0.8,0
1945,19.63,2,5.48,582,0.43,0
1946,23.02,1,5.66,159,0.6,0
1947,27.99,4,5.79,1124,0.8,0
1948,25.98,4,6.77,1654,1.58,1
1949,24.55,1,6.5,518,2.0,1
1950,22.12,2,6.66,760,1.23,1
1951,16.26,2,7.3,991,1.02,1
1952,29.53,2,5.84,502,0.8,0
1953,15.38,3,6.5,1358,1.17,1
1954,23.19,1,6.4,319,0.8,0
1955,24.98,3,5.43,824,0.57,0
1956,31.82,4,6.5,1574,1.16,1
1957,29.25,4,6.03,1356,0.05,0
1958,14.61,2,7.28,617,0.98,1
1959,26.26,4,6.91,1659,1.41,1
1960,31.07,2,5.72,506,0.6,0
1961,30.92,2,6.5,827,0.99,1
1962,21.55,4,7.5,1479,1.56,1
1963,25.38,2,6.13,478,0.0,0
1964,22.2,1,6.34,259,0.47,0
1965,27.75,2,6.82,971,1.56,1
1966,26.06,1,5.89,269,0.8,0
1967,23.41,3,6.04,640,0.0,0
1968,22.28,3,6.82,1015,1.34,1
1969,21.3,2,7.15,981,1.94,1
1970,23.24,2,6.5,974,1.6,1
1971,22.53,2,6.83,768,1.21,1
1972,25.46,3,5.56,701,0.08,0
1973,20.84,4,5.24,1030,0.41,0
1974,28.45,1,6.5,536,1.92,1
1975,24.97,2,5.36,480,0.14,0
1976,14.87,1,6.84,547,1.07,1
1977,31.69,4,7.21,1483,1.98,1
1978,21.89,3,6.07,732,0.0,0
1979,22.14,3,6.26,627,0.8,0
1980,25.69,1,7.0,522,1.52,1
1981,25.89,3,5.78,838,0.66,0
1982,24.42,3,6.97,1097,1.11,1
1983,31.01,2,5.81,409,0.37,0
1984,25.12,1,7.04,599,1.79,1
1985,24.71,1,6.5,468,1.3,1
1986,20.29,1,6.01,373,0.63,0
1987,21.21,2,6.93,774,1.22,1
1988,34.72,3,5.78,891,0.8,0
1989,27.96,1,6.5,586,1.47,1
1990,27.01,2,5.18,456,0.52,0
1991,22.34,2,6.06,505,0.8,0
1992,24.49,1,6.5,272,0.48,0
1993,25.94,2,5.25,542,0.8,0
1994,22.82,1,6.73,526,1.11,1
1995,28.83,2,7.11,848,0.87,1
1996,22.7,2,6.15,452,0.0,0
1997,26.36,3,5.87,629,0.67,0
1998,17.62,2,5.71,593,0.6,0
1999,22.27,1,6.5,136,0.02,0
2000,18.85,3,6.24,632,0.25,0
2001,16.19,2,6.89,149,0.65,1
2002,23.22,1,5.78,202,0.07,0
2003,33.06,3,5.68,606,0.8,0
2004,10.28,1,7.19,1520,0.88,1
2005,28.04,2,6.1,432,0.15,0
2006,31.85,3,6.66,1176,1.66,1
2007,24.05,2,6.5,618,2.05,1
2008,26.99,4,5.77,1334,0.0,0
2009,24.59,3,6.23,886,0.8,0
2010,29.05,2,6.09,466,0.74,0
2011,21.18,1,3.84,662,2.19,0
2012,26.92,2,4.73,522,0.8,0
2013,22.33,2,6.5,595,0.28,0
2014,31.27,2,5.74,458,0.8,0
2015,14.54,4,6.5,1739,1.27,1
2016,29.84,2,6.5,828,2.2,1
2017,20.33,1,6.33,255,0.0,0
2018,35.49,3,5.8,608,0.8,0
2019,16.3,4,6.98,1560,1.3,1
2020,26.34,1,6.5,425,1.99,1
2021,26.32,2,5.73,517,0.8,0
2022,20.57,3,5.17,939,0.54,0
2023,36.85,4,5.73,1178,0.43,0
2024,24.9,1,6.33,206,0.41,0
2025,26.96,1,5.57,262,2.49,1
2026,22.43,3,5.4,693,0.0,0
2027,27.07,4,5.97,1117,0.11,0
2028,36.63,2,6.3,520,0.8,0
2029,25.79,4,5.99,1023,0.21,0
2030,19.07,3,5.09,611,0.11,0
2031,28.9,1,6.57,456,2.17,1
2032,26.65,2,6.5,600,0.8,0
2033,22.9,1,6.76,419,0.84,1
2034,22.29,1,6.5,302,0.01,0
2035,13.48,4,6.68,1428,1.15,1
2036,30.69,4,6.13,1394,0.56,0
2037,36.25,1,6.5,548,2.07,1
2038,21.95,4,6.78,1654,1.3,1
2039,24.85,1,6.31,385,0.07,0
2040,16.17,4,6.5,1166,0.0,0
2041,29.55,2,6.5,671,1.51,1
2042,22.06,1,6.5,425,0.8,1
2043,26.63,3,6.22,734,0.6,0
2044,23.61,1,5.55,276,0.29,0
2045,26.97,2,5.91,1211,1.44,0
2046,25.17,4,5.82,1027,0.0,0
2047,18.75,4,6.23,974,0.8,0
2048,20.38,2,5.07,570,0.26,0
2049,26.96,4,5.98,1044,0.5,0
2050,22.57,1,5.74,225,0.63,0
2051,15.88,2,4.99,468,2.31,1
2052,25.14,3,6.5,669,0.0,0
2053,19.83,2,5.65,476,0.0,0
2054,27.43,4,6.5,1717,1.51,1
2055,15.6,4,6.35,826,0.0,0
2056,21.69,3,5.14,905,0.71,0
2057,31.48,2,7.07,852,2.03,1
2058,17.01,2,4.8,427,0.0,0
2059,17.97,4,6.41,1180,0.8,0
2060,27.56,2,6.02,422,0.52,0
2061,22.08,3,5.85,617,0.0,0
2062,18.06,1,6.08,381,0.0,0
2063,30.4,4,5.64,1164,0.39,0
2064,18.75,4,6.5,1764,1.17,1
2065,27.43,4,6.5,1426,1.71,1
2066,25.36,4,6.5,945,0.27,0
2067,27.48,4,6.5,1782,1.37,1
2068,23.3,2,5.44,442,0.0,0
2069,29.19,3,5.47,751,0.44,0
2070,35.29,2,3.68,1121,0.24,1
2071,31.45,3,5.84,711,0.77,0
2072,19.2,3,6.5,621,0.45,0
2073,24.3,1,5.77,120,0.26,0
2074,31.54,2,7.08,810,1.58,1
2075,29.06,2,6.5,701,1.41,1
2076,33.8,2,5.38,558,0.65,0
2077,29.84,2,5.28,517,0.66,0
2078,21.92,2,7.41,705,1.22,1
2079,13.89,2,6.5,482,0.0,0
2080,16.96,2,5.35,501,0.49,0
2081,13.4,1,4.98,429,0.19,0
2082,23.64,2,6.14,576,0.06,0
2083,19.39,2,6.5,927,0.8,1
2084,19.59,2,6.13,518,0.0,0
2085,24.42,3,6.5,1358,1.13,1
2086,23.46,2,5.49,416,0.0,0
2087,21.77,1,5.74,357,0.39,0
2088,17.94,4,6.75,1610,1.15,1
2089,15.44,4,6.5,1534,1.0,1
2090,33.04,2,6.78,994,1.02,1
2091,23.17,2,6.5,431,0.4,0
2092,27.62,3,6.07,706,0.8,0
2093,27.53,4,6.5,910,0.12,0
2094,23.52,3,5.81,940,0.39,0
2095,21.25,3,7.04,1228,1.95,1
2096,27.81,2,6.42,514,0.33,0
2097,25.06,3,5.3,912,0.8,0
2098,23.83,4,6.24,1181,0.0,0
2099,26.56,3,6.22,858,0.76,0
2100,32.61,2,6.5,460,0.8,0
2101,23.48,3,6.2,619,0.8,0
2102,28.16,2,6.15,598,0.72,0
2103,24.66,2,6.5,568,0.7,0
2104,23.41,3,5.8,923,0.8,0
2105,22.53,4,7.07,1688,2.17,1
2106,29.89,2,6.5,586,0.0,0
2107,25.21,1,6.12,197,0.48,0
2108,26.48,3,4.96,785,0.44,0
2109,28.42,4,6.5,1309,0.04,0
2110,35.44,4,7.5,1433,1.69,1
2111,25.05,3,6.73,1301,2.2,1
2112,22.65,1,7.49,598,1.02,1
2113,25.43,3,6.5,908,0.56,0
2114,18.52,2,5.84,498,0.44,0
2115,28.05,2,6.83,801,1.83,1
2116,22.92,1,6.5,350,0.0,0
2117,34.72,4,6.33,1047,0.8,0
2118,28.87,3,5.63,838,0.8,0
2119,27.4,4,6.5,1048,0.8,0
2120,23.06,1,3.28,420,1.74,1
2121,22.49,3,6.5,1290,1.43,1
2122,18.18,2,6.36,481,0.0,0
2123,22.14,3,5.66,744,0.35,0
2124,25.19,3,3.63,1597,1.98,0
2125,35.65,2,4.75,1297,0.54,0
2126,37.33,4,5.28,1537,0.47,1
2127,26.49,4,3.89,1784,1.19,0
2128,38.08,4,5.74,955,0.8,0
2129,37.87,1,6.5,584,1.2,1
2130,31.14,3,5.95,841,0.8,0
2131,21.32,3,6.93,1303,1.7,1
2132,28.31,1,6.5,182,0.42,0
2133,19.64,3,4.83,755,0.8,0
2134,39.41,2,6.56,900,1.51,1
2135,20.65,1,6.5,571,1.6,1
2136,25.92,4,5.85,936,0.0,0
2137,26.14,1,5.41,351,0.64,0
2138,24.74,4,7.38,1730,2.2,1
2139,16.24,4,4.72,1533,0.31,1
2140,22.72,4,7.5,1756,1.14,1
2141,20.61,1,6.69,557,1.3,1
2142,16.81,3,5.46,834,0.0,0
2143,22.79,2,6.01,517,0.51,0
2144,26.8,2,6.5,883,2.2,1
2145,28.84,2,6.73,841,1.41,1
2146,18.27,2,6.5,795,1.47,1
2147,17.75,1,6.5,412,1.83,1
2148,24.64,1,6.5,510,0.99,1
2149,26.15,1,5.9,297,0.05,0
2150,21.14,2,6.83,757,2.2,1
2151,14.17,1,5.71,274,0.0,0
2152,22.11,1,7.5,458,1.69,1
2153,37.47,4,5.77,873,0.44,0
2154,16.57,4,6.5,1043,0.03,0
2155,22.86,1,6.5,445,1.56,1
2156,30.0,3,6.5,933,0.6,0
2157,23.9,1,6.16,193,1.38,1
2158,31.06,2,6.5,540,0.61,0
2159,24.29,4,5.72,1100,0.0,0
2160,30.12,2,7.12,797,1.55,1
2161,26.41,2,6.56,901,1.29,1
2162,23.85,4,6.07,1157,0.12,0
2163,29.04,1,6.38,161,0.28,0
2164,31.1,2,4.95,543,0.8,0
2165,19.7,4,5.63,1126,0.22,0
2166,23.66,1,6.07,186,0.42,0
2167,27.61,3,5.2,932,0.0,0
2168,25.34,1,6.5,401,1.89,1
2169,30.03,4,6.89,1752,1.69,1
2170,19.21,4,6.5,1688,0.94,1
2171,27.27,2,6.37,480,0.8,0
2172,26.96,2,5.54,565,0.8,0
2173,17.66,4,5.83,1372,0.58,0
2174,26.68,3,6.5,948,0.66,0
2175,26.29,4,6.14,1121,0.0,0
2176,35.03,1,5.9,1455,2.38,1
2177,28.02,3,6.66,1090,2.16,1
2178,23.35,2,5.22,550,0.69,0
2179,33.57,4,5.58,1246,0.8,0
2180,15.05,4,7.5,1639,0.8,1
2181,22.43,2,5.85,572,0.53,0
2182,27.86,2,6.5,842,1.58,1
2183,20.37,2,5.92,536,0.0,0
2184,28.89,1,6.5,545,2.2,1
2185,24.07,2,5.57,420,0.0,0
2186,29.04,1,6.5,596,1.99,1
2187,23.9,3,7.47,1139,1.47,1
2188,27.85,3,6.5,1336,1.8,1
2189,31.93,3,6.94,546,1.01,1
2190,17.34,1,3.21,1476,2.46,1
2191,32.95,3,7.07,1247,1.47,1
2192,24.03,3,6.05,774,0.46,0
2193,26.12,4,5.42,1370,0.0,0
2194,19.07,1,7.5,422,1.08,1
2195,14.3,1,7.5,573,0.8,1
2196,25.15,3,6.5,1327,1.85,1
2197,24.75,3,6.19,832,0.18,0
2198,29.52,2,6.5,707,1.85,1
2199,12.83,1,7.19,439,1.38,1
2200,26.44,3,6.95,1362,1.55,1
2201,22.08,2,6.09,589,0.79,0
2202,20.7,4,7.21,1775,0.93,1
2203,22.58,4,6.5,1522,1.17,1
2204,30.43,2,5.32,510,0.8,0
2205,18.0,1,4.3,964,1.44,0
2206,23.04,1,5.16,336,0.29,0
2207,22.96,1,6.0,252,0.49,0
2208,14.3,4,6.84,212,0.56,1
2209,26.86,2,5.83,402,0.67,0
2210,15.71,2,6.5,555,0.0,0
2211,25.14,2,7.5,713,2.2,1
2212,36.92,3,6.11,1591,0.76,1
2213,26.0,3,5.76,928,0.42,0
2214,26.87,3,6.22,792,0.8,0
2215,28.89,4,6.5,994,0.8,0
2216,29.34,1,7.4,464,1.23,1
2217,23.41,4,6.25,967,0.8,0
2218,15.84,2,7.15,744,0.8,1
2219,22.73,3,6.5,784,0.0,0
2220,15.77,3,4.52,127,1.86,0
2221,19.98,1,6.5,404,0.8,1
2222,15.67,3,6.21,884,0.0,0
2223,24.16,4,5.3,1280,0.19,0
2224,23.8,4,6.12,1346,0.04,0
2225,21.24,1,6.14,202,0.0,0
2226,20.41,1,6.55,488,1.4,1
2227,27.27,2,6.23,543,0.09,0
2228,28.96,4,3.59,1237,0.73,0
2229,17.25,2,6.43,599,0.0,0
2230,18.88,2,6.27,525,0.03,0
2231,33.87,1,6.85,435,2.2,1
2232,22.44,1,6.85,428,1.2,1
2233,20.87,2,6.06,553,0.0,0
2234,27.43,3,6.06,999,0.64,0
2235,21.65,3,6.01,700,0.64,0
2236,32.77,3,6.85,1411,1.87,0
2237,27.87,4,6.5,842,0.49,0
2238,35.43,2,6.2,600,0.8,0
2239,18.47,3,5.07,915,0.0,0
2240,26.04,2,7.08,637,1.4,1
2241,30.02,3,5.65,976,0.44,0
2242,24.02,1,5.65,257,0.3,0
2243,14.01,2,6.51,645,1.41,1
2244,17.11,4,6.08,960,0.0,0
2245,24.84,3,5.9,715,0.8,0
2246,30.62,3,6.5,1100,1.5,1
2247,16.39,2,7.5,841,1.08,1
2248,31.0,3,5.86,853,0.8,0
2249,22.66,1,7.5,525,1.54,1
2250,29.81,2,5.09,493,0.8,0
2251,19.84,3,6.95,1019,1.31,1
2252,17.08,2,6.5,630,1.88,1
2253,29.54,1,6.5,214,0.8,0
2254,29.02,4,5.55,826,0.8,0
2255,22.02,2,6.7,691,1.64,1
2256,23.24,1,5.59,242,0.52,0
2257,28.03,2,7.5,989,1.38,1
2258,22.94,2,5.92,462,0.43,0
2259,25.51,3,6.5,995,0.8,0
2260,25.84,2,5.85,499,0.33,0
2261,23.67,2,6.5,825,1.96,1
2262,28.31,2,7.03,428,2.4,1
2263,17.09,2,6.5,855,0.8,1
2264,15.6,4,7.35,1580,1.12,1
2265,17.94,4,6.05,1213,0.43,0
2266,33.38,4,5.42,1036,0.43,0
2267,21.42,2,5.54,477,0.8,0
2268,33.95,2,6.23,481,0.8,0
2269,27.18,1,5.93,109,0.0,0
2270,18.46,1,5.98,274,0.0,0
2271,29.33,4,6.05,1271,0.0,0
2272,21.72,4,6.03,1136,0.71,0
2273,28.25,1,5.65,365,0.77,0
2274,21.17,4,7.42,1520,1.17,1
2275,21.13,3,6.29,661,0.01,0
2276,27.14,4,5.66,1159,0.8,0
2277,35.96,4,6.21,1388,0.65,0
2278,27.73,4,7.34,1569,1.96,1
2279,30.72,2,6.5,789,2.2,1
2280,28.1,4,6.5,1223,0.7,0
2281,22.9,1,6.5,435,1.52,1
2282,25.16,3,7.09,1006,1.65,1
2283,30.16,3,6.09,799,0.36,0
2284,20.91,3,7.3,1010,1.4,1
2285,24.22,3,5.31,794,0.0,0
2286,30.79,1,6.5,238,0.8,0
2287,27.55,1,6.47,373,0.01,0
2288,23.55,1,5.25,357,0.18,0
2289,23.78,4,6.5,911,0.03,0
2290,26.72,3,5.98,837,0.07,0
2291,24.29,3,6.5,960,0.8,0
2292,17.94,4,6.78,1533,1.18,1
2293,27.64,3,6.13,932,0.26,0
2294,22.65,2,5.69,534,0.8,0
2295,24.64,2,7.11,975,1.18,1
2296,35.89,1,6.5,185,0.8,0
2297,22.27,1,5.55,642,1.97,0
2298,21.96,2,5.75,476,0.48,0
2299,21.2,2,6.45,505,0.8,0
2300,18.14,1,5.35,237,0.0,0
2301,30.47,4,6.06,820,0.8,0
2302,24.65,3,6.5,902,0.8,0
2303,22.64,4,6.57,1781,1.08,1
2304,31.77,3,5.0,784,0.8,0
2305,30.14,4,7.5,1705,1.92,1
2306,24.18,1,4.63,164,0.0,0
2307,12.13,1,5.94,1794,1.54,0
2308,30.11,2,5.98,428,0.76,0
2309,27.99,3,5.63,790,0.69,0
2310,22.43,1,6.21,278,0.0,0
2311,20.98,4,4.76,686,0.94,0
2312,15.83,2,7.45,713,1.05,1
2313,23.9,1,6.9,536,1.7,1
2314,25.63,3,5.38,902,0.3,0
2315,26.59,1,6.98,507,1.9,1
2316,21.76,2,5.77,553,0.11,0
2317,20.47,1,6.5,119,0.0,0
2318,11.92,2,4.93,108,0.15,0
2319,32.77,3,5.54,763,0.41,0
2320,24.25,1,6.25,161,0.39,0
2321,27.63,3,6.5,903,0.6,0
2322,12.53,4,5.49,1099,0.07,0
2323,28.55,4,5.56,1380,0.8,0
2324,27.67,1,4.14,1367,0.42,0
2325,41.11,3,6.07,923,0.8,0
2326,30.73,2,7.04,906,2.05,1
2327,25.36,1,6.5,235,0.02,0
2328,22.16,4,7.38,1666,0.8,1
2329,24.37,1,5.49,155,0.61,0
2330,22.55,4,6.5,1387,0.13,0
2331,23.3,4,5.65,995,0.31,0
2332,27.97,1,6.71,469,1.64,1
2333,19.03,1,4.79,1349,1.31,1
2334,28.75,4,5.69,909,0.0,0
2335,25.16,1,5.67,314,0.15,0
2336,36.19,1,6.5,283,0.8,0
2337,20.06,1,5.69,118,0.0,0
2338,21.8,2,7.44,843,1.06,1
2339,27.39,1,6.21,345,0.15,0
2340,26.59,2,5.69,406,0.31,0
2341,22.31,3,5.93,781,0.0,0
2342,24.34,4,5.57,1153,0.0,0
2343,30.29,1,6.5,309,0.25,0
2344,25.85,2,6.5,477,0.59,0
2345,24.11,3,6.5,1028,1.5,1
2346,26.26,3,5.93,860,0.18,0
2347,22.24,2,5.31,478,0.71,0
2348,25.7,2,7.39,805,0.95,1
2349,19.9,4,6.8,1652,0.8,1
2350,20.63,3,5.59,863,0.48,0
2351,22.13,2,6.23,468,0.0,0
2352,23.36,2,6.5,966,0.9,1
2353,27.73,1,6.41,236,0.8,0
2354,26.14,4,5.47,861,0.73,0
2355,25.29,3,5.99,839,0.47,0
2356,22.73,4,7.03,1567,1.12,1
2357,23.89,1,6.74,469,1.34,1
2358,25.34,2,6.36,550,0.18,0
2359,21.76,4,4.26,695,0.66,0
2360,16.94,4,6.5,1686,0.8,1
2361,33.85,3,5.41,763,0.11,0
2362,29.14,3,6.59,1197,1.59,1
2363,20.44,1,6.5,585,2.03,1
2364,26.68,1,6.79,540,2.2,1
2365,22.67,3,7.3,1322,1.27,1
2366,26.27,2,6.02,440,0.48,0
2367,24.45,1,5.26,231,0.63,0
2368,28.03,1,6.24,313,0.8,0
2369,27.27,2,6.46,442,0.0,0
2370,22.84,2,5.91,1045,1.96,0
2371,35.61,2,5.72,570,0.3,0
2372,26.18,1,5.82,185,0.8,0
2373,31.22,3,6.91,1218,2.09,1
2374,19.27,4,7.02,1604,1.33,1
2375,27.77,2,5.93,591,0.34,0
2376,13.9,4,6.69,1622,0.84,1
2377,33.93,2,5.81,461,0.58,0
2378,28.93,4,6.5,1004,0.0,0
2379,17.62,1,7.25,441,1.07,1
2380,32.54,1,6.86,542,1.65,1
2381,21.66,4,5.06,990,0.13,0
2382,22.27,4,6.63,1408,1.62,1
2383,21.54,4,6.5,1699,1.76,1
2384,34.25,2,6.5,487,0.0,0
2385,22.34,3,7.3,1325,0.9,1
2386,27.81,3,6.5,1184,1.66,1
2387,24.88,1,6.11,295,0.8,0
2388,28.8,4,6.5,1591,1.61,1
2389,31.12,1,7.18,408,1.8,1
2390,15.85,1,6.52,421,0.81,1
2391,24.9,1,7.04,575,1.66,1
2392,13.89,2,7.15,1095,2.21,1
2393,26.48,1,6.5,424,2.11,1
2394,23.69,1,5.57,302,0.8,0
2395,24.27,2,5.61,411,0.47,0
2396,21.63,3,5.54,947,0.0,0
2397,19.27,3,6.1,1688,0.81,1
2398,18.93,1,3.95,1427,1.2,0
2399,24.87,4,4.89,1266,0.8,0
2400,23.13,2,5.62,528,0.57,0
2401,30.09,4,6.22,1295,0.75,0
2402,21.94,1,6.03,266,0.46,0
2403,30.55,3,5.93,615,0.5,0
2404,30.83,1,6.5,270,0.79,0
2405,30.11,2,6.21,438,0.8,0
2406,28.2,2,6.42,478,0.54,0
2407,31.6,4,4.76,932,0.8,0
2408,19.82,4,7.49,1520,1.51,1
2409,24.07,2,6.5,443,0.19,0
2410,27.9,1,6.45,331,0.35,0
2411,25.06,1,6.5,551,1.61,1
2412,24.34,2,4.79,496,0.33,0
2413,16.0,2,6.5,424,0.13,0
2414,25.3,3,7.11,1377,1.66,1
2415,18.97,1,5.35,124,0.29,0
2416,23.38,1,6.5,552,1.23,1
2417,24.71,4,6.5,1785,1.51,1
2418,26.56,2,5.35,436,0.8,0
2419,22.08,2,5.28,470,0.55,0
2420,30.81,4,6.44,1396,0.8,0
2421,23.37,2,6.71,624,1.57,1
2422,28.85,2,7.21,703,1.49,1
2423,24.99,2,6.29,470,0.24,0
2424,28.37,4,5.77,1026,0.8,0
2425,38.29,4,5.71,1690,1.49,0
2426,24.8,3,6.05,620,0.8,0
2427,21.35,3,6.37,632,0.0,0
2428,23.49,4,5.62,1215,0.8,0
2429,27.11,3,6.5,654,0.8,0
2430,23.83,1,7.5,512,0.82,1
2431,19.05,4,5.42,1089,0.43,0
2432,23.18,3,5.76,838,0.45,0
2433,23.32,2,6.21,520,0.0,0
2434,17.85,4,6.5,1245,0.26,0
2435,22.94,4,6.5,1013,0.58,0
2436,20.59,3,6.5,812,0.64,0
2437,25.37,3,6.55,1092,1.51,1
2438,26.79,1,6.5,145,0.29,0
2439,23.85,1,6.53,539,0.99,1
2440,34.1,2,7.18,823,1.88,1
2441,26.84,2,6.5,832,1.8,1
2442,25.88,2,6.18,558,0.0,0
2443,14.64,2,5.46,472,0.0,0
2444,21.37,2,6.74,916,1.01,1
2445,22.18,4,6.06,833,0.11,0
2446,23.21,2,7.5,919,1.4,1
2447,22.48,4,6.94,1729,0.86,1
2448,25.19,1,6.5,505,1.28,1
2449,14.53,1,6.5,510,1.14,1
2450,22.98,3,6.98,1125,0.8,1
2451,34.0,4,6.62,1466,2.2,1
2452,31.83,2,7.08,922,1.47,1
2453,37.53,1,5.96,322,0.8,0
2454,15.72,1,6.5,106,0.0,0
2455,32.27,3,6.5,781,0.24,0
2456,26.57,2,7.02,700,0.93,1
2457,24.02,1,6.5,220,0.36,0
2458,21.37,3,5.88,753,0.0,0
2459,28.55,4,6.85,1485,2.06,1
2460,19.77,1,6.5,490,0.8,1
2461,18.45,1,6.5,532,1.33,1
2462,23.38,3,6.73,1002,1.4,1
2463,22.39,4,5.1,1270,0.71,0
2464,31.3,1,6.77,522,1.41,1
2465,25.76,2,6.24,545,0.0,0
2466,20.72,4,5.99,1155,0.23,0
2467,22.43,1,6.5,576,0.8,1
2468,26.25,2,4.88,581,0.0,0
2469,27.44,2,4.67,468,0.8,0
2470,18.43,3,5.55,862,0.0,0
2471,18.31,2,5.93,431,0.0,0
2472,30.17,4,7.21,1714,1.17,1
2473,26.25,1,6.07,158,0.51,0
2474,17.0,4,5.45,826,1.23,1
2475,27.63,1,7.34,458,2.02,1
2476,20.78,1,6.03,122,0.73,0
2477,30.15,2,6.12,575,0.41,0
2478,29.18,3,6.09,927,0.5,0
2479,20.52,3,6.55,1294,1.29,1
2480,26.87,4,5.65,860,0.48,0
2481,22.58,1,6.5,369,0.0,0
2482,21.84,2,6.51,628,1.9,1
2483,36.35,4,3.5,161,1.36,1
2484,29.71,3,7.23,1273,1.69,1
2485,24.0,1,6.5,443,1.51,1
2486,25.8,3,6.51,1046,1.92,1
2487,30.78,4,5.16,1249,0.8,0
2488,25.23,4,7.27,1607,1.87,1
2489,30.51,3,5.16,824,0.8,0
2490,27.17,1,7.44,579,1.04,1
2491,31.6,2,6.94,717,1.2,1
2492,22.55,3,4.98,781,0.0,0
2493,31.72,3,6.5,862,0.8,0
2494,30.45,4,6.3,808,0.8,0
2495,33.66,1,6.5,590,1.55,1
2496,23.42,3,6.2,674,0.65,0
2497,28.54,3,6.5,637,0.0,0
2498,29.96,4,6.5,1692,1.79,1
2499,15.28,1,5.37,370,0.8,0
2500,23.64,1,6.5,565,0.8,1
2501,29.77,4,5.33,1100,0.8,0
2502,27.29,2,5.68,425,0.68,0
2503,31.9,1,6.5,402,1.78,1
2504,21.05,2,5.7,415,0.28,0
2505,22.42,2,6.43,403,0.34,0
2506,30.83,2,6.5,557,0.67,0
2507,30.64,2,6.5,912,1.49,1
2508,20.51,2,7.5,799,1.87,1
2509,26.2,1,6.4,119,0.0,0
2510,27.55,1,6.14,257,0.8,0
2511,30.45,1,6.5,503,1.66,1
2512,28.38,1,7.5,509,0.95,1
2513,23.96,1,6.5,558,1.79,1
2514,15.25,2,5.35,493,0.0,0
2515,22.29,1,6.5,415,1.59,1
2516,22.41,3,6.5,1371,1.4,1
2517,30.82,4,5.33,879,0.54,0
2518,25.13,2,4.92,587,0.8,0
2519,26.95,2,6.86,656,1.51,1
2520,26.82,2,5.85,467,0.8,0
2521,24.45,4,5.92,1182,0.41,0
2522,30.49,1,6.31,304,0.0,0
2523,21.69,1,5.27,229,0.0,0
2524,34.78,3,6.47,309,0.99,0
2525,22.91,1,6.01,392,0.33,0
2526,25.88,2,6.5,615,1.44,1
2527,20.44,1,6.02,267,0.27,0
2528,26.74,3,6.83,1278,1.71,1
2529,21.47,1,6.03,372,0.0,0
2530,18.02,1,3.94,842,0.45,1
2531,23.94,1,6.5,116,0.18,0
2532,21.2,1,6.09,164,0.0,0
2533,21.06,2,6.75,746,1.58,1
2534,19.93,2,7.5,804,0.8,1
2535,21.99,1,6.5,585,0.83,1
2536,20.8,4,6.35,1222,0.0,0
2537,28.05,3,6.24,630,0.71,0
2538,27.57,1,6.9,575,1.8,1
2539,26.62,2,7.5,938,1.22,1
2540,31.53,4,4.53,853,0.8,0
2541,20.93,2,7.42,750,0.86,1
2542,31.21,2,6.79,931,1.69,1
2543,28.75,4,6.67,1532,2.2,1
2544,23.35,2,4.96,539,0.2,0
2545,19.83,1,5.26,118,0.24,0
2546,17.2,1,6.5,311,0.53,0
2547,20.23,3,6.23,848,0.0,0
2548,21.08,2,5.14,415,0.75,0
2549,32.31,2,6.27,571,0.52,0
2550,33.94,1,4.76,413,1.63,1
2551,20.18,1,6.5,541,2.2,1
2552,11.12,1,5.92,179,0.0,0
2553,25.5,1,6.5,531,1.84,1
2554,15.57,2,6.19,561,0.24,0
2555,22.95,3,5.8,612,0.1,0
2556,26.49,4,5.93,815,0.0,0
2557,22.55,3,5.88,776,0.59,0
2558,26.83,1,6.06,358,0.32,0
2559,27.51,3,6.5,1224,1.7,1
2560,27.41,4,6.5,1463,1.0,1
2561,26.88,2,5.83,574,0.39,0
2562,20.48,4,6.5,888,0.0,0
2563,25.91,1,6.5,235,0.0,0
2564,23.3,2,6.17,510,0.24,0
2565,28.38,3,5.6,715,0.8,0
2566,34.84,2,7.5,943,2.14,1
2567,26.0,1,6.5,541,2.02,1
2568,28.6,2,7.28,804,1.67,1
2569,28.22,2,6.5,693,1.19,1
2570,25.63,4,5.86,956,0.0,0
2571,23.77,3,5.18,607,0.7,0
2572,28.49,4,5.43,1348,0.8,0
2573,25.91,3,7.02,933,0.36,1
2574,23.62,4,6.81,1609,2.2,1
2575,19.35,1,5.59,275,0.0,0
2576,22.61,3,6.87,1184,1.73,1
2577,38.2,2,6.75,835,2.03,1
2578,15.01,4,6.64,1491,1.43,1
2579,26.65,4,6.07,841,0.0,0
2580,20.13,1,6.13,351,0.0,0
2581,19.5,2,7.5,688,1.88,1
2582,29.31,3,6.3,989,0.8,0
2583,19.77,4,7.21,1624,0.8,1
2584,24.61,4,6.5,970,0.8,0
2585,27.13,2,6.5,573,0.28,0
2586,39.9,1,6.7,1122,1.62,0
2587,31.92,1,4.31,1642,0.88,0
2588,19.97,1,6.5,391,0.75,0
2589,23.11,2,6.54,742,1.61,1
2590,29.58,4,5.5,1228,0.4,0
2591,25.1,4,6.18,851,0.5,0
2592,33.55,3,6.35,645,0.8,0
2593,24.87,2,7.21,825,1.89,1
2594,28.56,1,6.56,596,0.97,1
2595,24.1,2,6.32,412,0.37,0
2596,22.2,3,6.99,1184,0.92,1
2597,16.95,1,5.95,211,0.16,0
2598,25.86,1,6.5,454,1.97,1
2599,25.84,1,5.37,376,0.8,0
2600,30.5,2,5.57,586,0.0,0
2601,25.66,2,5.97,585,0.47,0
2602,33.45,3,5.98,754,0.8,0
2603,29.04,1,6.15,300,0.63,0
2604,21.1,4,6.02,1118,0.69,0
2605,25.34,2,7.5,657,1.31,1
2606,21.06,4,6.5,1491,0.87,1
2607,28.11,2,6.78,796,1.93,1
2608,28.78,1,6.5,515,1.29,1
2609,26.37,2,6.11,560,0.8,0
2610,26.36,3,5.62,654,0.11,0
2611,20.53,4,7.24,1768,1.71,1
2612,22.92,3,6.5,1005,1.01,1
2613,12.97,3,6.76,1322,0.82,1
2614,25.71,2,6.5,802,1.78,1
2615,22.59,4,7.0,1457,1.89,1
2616,27.13,3,6.5,1309,1.56,1
2617,34.93,3,5.91,751,0.01,0
2618,23.19,2,6.5,715,1.37,1
2619,18.36,3,7.03,1033,0.9,1
2620,20.3,1,5.91,211,0.1,0
2621,13.36,2,7.48,1069,1.98,0
2622,29.0,3,6.49,833,0.8,0
2623,30.12,1,6.1,157,0.0,0
2624,21.82,1,6.5,124,0.71,0
2625,17.77,3,5.49,900,0.39,0
2626,24.68,2,5.86,447,0.72,0
2627,15.99,2,5.78,461,0.0,0
2628,20.8,3,5.55,869,0.0,0
2629,27.41,1,5.26,380,0.58,0
2630,32.73,1,7.44,159,2.35,0
2631,24.08,3,6.5,1245,1.21,1
2632,29.01,1,6.85,472,1.12,1
2633,31.46,1,7.2,525,1.93,1
2634,14.72,1,6.5,340,0.0,0
2635,27.94,3,5.19,996,0.8,0
2636,24.82,4,4.52,154,1.15,0
2637,19.76,4,6.16,875,0.07,0
2638,18.78,4,6.5,1779,1.67,1
2639,28.05,4,6.71,1579,1.49,1
2640,23.55,3,6.56,1332,0.8,1
2641,27.42,2,6.72,839,1.99,1
2642,26.1,4,7.04,1598,0.8,1
2643,21.49,4,6.37,1165,0.16,0
2644,34.77,3,6.5,784,0.41,0
2645,28.57,2,6.5,691,1.99,1
2646,28.25,3,7.16,1665,1.09,0
2647,25.79,3,5.93,919,0.66,0
2648,27.63,2,6.47,572,0.64,0
2649,34.83,1,6.5,376,0.8,0
2650,30.2,2,6.5,599,0.0,0
2651,25.29,1,6.15,387,0.15,0
2652,26.66,4,7.12,1617,1.34,1
2653,27.75,3,7.27,1280,1.67,1
2654,18.78,2,3.46,1039,0.49,0
2655,21.74,2,6.5,471,0.0,0
2656,18.36,4,5.67,1251,0.2,0
2657,30.27,4,5.78,1029,0.51,0
2658,23.57,3,6.5,711,0.0,0
2659,30.38,3,5.55,976,0.79,0
2660,35.74,1,7.5,559,1.15,1
2661,22.49,2,6.5,732,1.48,1
2662,25.96,3,6.95,1374,1.52,1
2663,18.56,4,5.15,1582,2.16,1
2664,32.35,2,6.87,958,1.82,1
2665,17.8,4,6.5,1457,0.88,1
2666,13.67,1,3.21,1253,0.8,0
2667,25.04,3,6.24,624,0.0,0
2668,16.89,1,5.89,241,0.36,0
2669,16.29,1,6.07,273,0.07,0
2670,24.54,4,5.62,1210,0.34,0
2671,31.69,2,6.57,876,1.84,1
2672,31.78,3,5.3,973,0.48,0
2673,26.2,2,6.92,739,0.8,1
2674,24.29,3,6.5,1256,1.6,1
2675,16.97,3,6.03,965,0.19,0
2676,18.97,1,7.24,533,0.8,1
2677,28.32,4,6.46,992,0.04,0
2678,23.41,3,5.78,794,0.42,0
2679,29.88,3,5.92,792,0.8,0
2680,30.71,4,5.96,1074,0.24,0
2681,23.97,3,6.44,754,0.17,0
2682,26.32,3,6.21,756,0.02,0
2683,21.57,2,6.19,587,0.08,0
2684,27.35,1,6.08,371,0.0,0
2685,23.75,1,5.87,133,0.0,0
2686,29.84,1,5.31,231,0.4,0
2687,30.01,3,6.27,866,0.19,0
2688,32.56,4,6.5,863,0.32,0
2689,32.0,4,5.48,1284,0.8,0
2690,24.04,1,5.68,170,0.8,0
2691,21.96,1,7.5,474,1.6,1
2692,19.36,2,4.94,556,0.0,0
2693,28.9,2,5.33,452,0.63,0
2694,24.03,3,6.5,1200,1.33,1
2695,15.76,2,6.5,457,0.0,0
2696,25.62,1,7.5,477,1.89,1
2697,28.48,1,6.5,450,2.2,1
2698,22.86,2,6.89,922,1.65,1
2699,38.02,3,3.88,534,2.45,0
2700,27.27,3,6.7,1292,1.68,1
2701,27.42,1,5.73,166,0.68,0
2702,25.84,1,6.5,190,0.18,0
2703,34.96,4,5.59,1296,0.8,0
2704,34.38,2,7.37,607,2.2,1
2705,33.73,1,6.21,313,0.75,0
2706,31.02,2,7.13,645,1.31,1
2707,12.13,3,5.7,752,0.0,0
2708,28.14,2,6.81,926,1.63,1
2709,24.05,3,5.53,676,0.48,0
2710,25.45,3,6.29,847,0.57,0
2711,22.44,1,7.39,538,1.48,1
2712,33.75,3,6.5,1274,2.2,1
2713,17.52,4,3.49,188,2.11,0
2714,32.96,2,6.5,951,1.42,1
2715,16.69,4,6.79,1763,0.98,1
2716,34.39,1,5.38,194,1.18,1
2717,34.17,2,5.64,566,0.8,0
2718,23.61,3,6.5,1129,2.06,1
2719,19.53,2,6.97,762,1.65,1
2720,23.12,3,6.39,838,0.0,0
2721,20.28,1,6.5,503,1.5,1
2722,39.0,4,5.37,1797,1.44,1
2723,22.92,3,6.5,838,0.8,0
2724,22.85,3,5.51,1581,1.13,1
2725,22.24,1,6.5,560,1.46,1
2726,27.45,2,5.31,501,0.41,0
2727,15.3,1,5.67,337,0.0,0
2728,18.46,2,6.24,537,0.0,0
2729,32.28,1,6.73,590,2.2,1
2730,30.46,3,5.93,864,0.35,0
2731,31.24,2,5.43,514,0.8,0
2732,20.74,4,6.03,941,0.48,0
2733,28.69,1,6.78,514,1.49,1
2734,19.39,4,4.02,249,1.29,0
2735,25.03,3,5.2,762,0.8,0
2736,30.51,4,6.5,1394,0.8,0
2737,23.67,4,7.0,1712,2.2,1
2738,26.43,4,5.73,993,0.8,0
2739,22.5,3,6.5,673,0.0,0
2740,26.47,3,6.11,916,0.2,0
2741,27.69,1,6.1,141,0.11,0
2742,27.29,4,6.5,1466,1.36,1
2743,22.16,2,5.66,445,0.8,0
2744,27.64,1,6.84,433,1.44,1
2745,22.64,1,5.38,362,0.8,0
2746,16.08,3,6.06,724,0.0,0
2747,17.75,3,5.88,668,0.0,0
2748,24.12,2,7.5,962,0.8,1
2749,36.06,3,7.5,1239,2.2,1
2750,16.61,1,6.5,571,0.93,1
2751,31.08,1,5.8,331,0.69,0
2752,26.38,2,6.13,535,0.36,0
2753,21.42,2,6.51,909,0.8,1
2754,20.14,1,7.09,550,1.45,1
2755,23.76,1,6.61,587,1.7,1
2756,20.82,4,6.5,1587,1.43,1
2757,22.85,3,5.67,997,0.53,0
2758,23.4,2,6.4,581,0.39,0
2759,17.59,1,6.24,778,1.14,0
2760,32.16,1,6.56,468,1.87,1
2761,23.92,2,5.63,427,0.43,0
2762,24.02,2,6.97,638,1.22,1
2763,13.09,4,6.5,1180,0.0,0
2764,20.06,2,6.09,592,0.8,0
2765,30.28,1,7.35,519,2.14,1
2766,25.84,4,6.28,1103,0.76,0
2767,28.23,4,7.21,1463,0.91,1
2768,26.87,1,6.99,522,1.45,1
2769,24.02,2,6.5,996,1.52,1
2770,28.24,2,6.3,488,0.66,0
2771,30.34,2,7.46,788,2.3,1
2772,39.33,4,4.1,1765,1.84,1
2773,24.02,2,5.74,518,0.49,0
2774,29.39,3,6.09,988,0.0,0
2775,25.46,3,5.79,636,0.09,0
2776,22.85,4,6.41,1197,0.09,0
2777,28.95,2,6.5,507,0.63,0
2778,15.95,2,6.32,504,0.0,0
2779,29.83,4,6.5,949,0.8,0
2780,23.05,2,6.5,678,1.31,1
2781,31.16,1,5.86,361,0.46,0
2782,23.39,1,7.22,455,1.97,1
2783,32.64,2,7.48,872,1.92,1
2784,25.52,2,5.77,501,0.8,0
2785,24.09,1,6.28,385,0.61,0
2786,23.05,2,7.17,698,1.01,1
2787,22.65,1,6.5,425,1.41,1
2788,34.24,4,5.8,963,0.8,0
2789,35.26,2,7.41,948,1.98,1
2790,23.82,2,4.27,449,0.55,1
2791,10.78,1,6.77,1091,0.99,1
2792,26.8,3,5.74,679,0.0,0
2793,26.09,4,5.89,1011,0.39,0
2794,28.44,3,6.5,800,0.56,0
2795,26.88,3,5.97,745,0.8,0
2796,27.34,2,6.97,620,1.59,1
2797,32.53,4,7.09,880,1.55,0
2798,34.82,2,6.5,566,0.8,0
2799,15.63,4,6.15,1224,0.0,0
2800,22.1,2,6.94,961,1.23,1
2801,30.65,2,6.02,444,0.51,0
2802,21.64,1,6.5,342,0.41,0
2803,26.97,2,6.5,486,0.33,0
2804,24.04,1,6.5,310,0.27,0
2805,23.09,2,5.01,536,0.0,0
2806,25.82,2,3.2,506,1.45,1
2807,22.68,2,6.5,869,1.93,1
2808,19.74,4,6.06,911,0.09,0
2809,20.74,1,5.66,196,0.13,0
2810,34.36,3,6.58,1207,1.95,1
2811,19.14,4,6.86,1530,1.15,1
2812,23.79,2,6.01,454,0.8,0
2813,26.63,1,6.5,391,0.78,0
2814,30.71,1,7.5,535,0.81,1
2815,23.06,1,6.04,361,0.69,0
2816,31.01,4,7.5,1589,1.5,1
2817,20.58,4,4.27,1189,2.12,1
2818,25.52,3,6.71,1370,1.52,1
2819,20.8,4,5.62,850,0.8,0
2820,21.97,2,6.55,662,1.49,1
2821,22.55,2,5.73,586,0.21,0
2822,21.2,1,7.23,503,1.63,1
2823,31.11,1,6.79,415,2.18,1
2824,17.38,3,7.35,1099,1.14,1
2825,22.91,1,6.5,575,1.23,1
2826,35.64,3,7.14,1378,2.2,1
2827,22.4,2,6.68,797,1.92,1
2828,26.48,1,7.18,494,1.61,1
2829,28.43,2,5.38,509,0.58,0
2830,20.78,4,6.34,951,0.24,0
2831,26.7,4,7.0,1565,1.95,1
2832,21.13,3,5.24,932,0.05,0
2833,27.38,1,6.5,509,1.86,1
2834,12.88,1,6.92,1076,1.83,1
2835,28.6,4,6.65,1704,1.59,1
2836,26.8,2,6.5,608,1.39,1
2837,10.96,2,4.76,199,0.69,1
2838,29.34,4,6.26,1341,0.6,0
2839,19.71,3,6.63,1033,0.95,1
2840,22.32,3,5.14,852,0.61,0
2841,25.05,1,6.52,589,1.81,1
2842,26.43,2,7.06,610,1.86,1
2843,26.0,1,7.29,405,1.14,1
2844,23.09,3,5.5,1725,1.73,0
2845,29.74,3,5.12,908,0.8,0
2846,36.93,2,5.33,1069,0.93,0
2847,22.72,4,6.5,1405,2.08,1
2848,30.31,2,6.5,720,1.08,1
2849,27.18,2,6.62,623,1.57,1
2850,14.81,4,6.49,1297,0.0,0
2851,20.92,2,6.5,835,1.39,1
2852,15.06,3,7.25,1203,0.82,1
2853,27.22,1,6.53,419,1.56,1
2854,30.53,1,6.92,402,1.4,1
2855,19.93,4,5.8,1224,0.78,0
2856,22.51,3,6.5,1203,0.8,1
2857,23.74,2,6.5,661,2.2,1
2858,20.8,1,5.49,235,0.05,0
2859,25.48,2,6.5,454,0.44,0
2860,22.56,1,4.36,1656,1.79,0
2861,25.68,3,5.91,988,0.27,0
2862,35.17,2,6.5,760,1.4,1
2863,22.26,1,7.1,438,1.38,1
2864,24.25,4,6.5,1633,1.13,1
2865,26.14,3,6.5,692,0.0,0
2866,30.05,1,6.03,186,0.8,0
2867,24.63,3,6.24,869,0.0,0
2868,18.86,1,5.03,245,0.25,0
2869,27.59,2,6.12,482,0.73,0
2870,21.51,3,6.5,1137,1.54,1
2871,21.29,2,7.22,987,1.6,1
2872,23.73,4,7.05,1444,1.66,1
2873,20.37,2,6.5,982,1.38,1
2874,20.57,2,5.64,585,0.72,0
2875,32.66,2,5.27,452,0.8,0
2876,26.9,2,5.67,550,0.24,0
2877,23.32,4,6.97,1677,0.94,1
2878,16.88,2,6.5,993,0.8,1
2879,25.94,3,6.5,1093,1.12,1
2880,24.6,2,6.12,527,0.51,0
2881,23.84,1,6.08,143,0.64,0
2882,21.25,4,6.92,1698,0.8,1
2883,37.3,3,5.94,739,0.44,0
2884,22.26,1,6.75,577,0.8,1
2885,21.25,3,5.85,615,0.0,0
2886,27.64,2,6.5,511,0.22,0
2887,26.57,4,6.84,1571,1.13,1
2888,28.26,2,6.81,692,2.2,1
2889,23.0,3,7.5,1111,1.05,1
2890,13.29,1,4.03,1203,1.52,1
2891,19.71,4,5.93,992,0.53,0
2892,23.53,1,6.5,428,1.44,1
2893,25.49,3,5.93,669,0.0,0
2894,21.86,1,6.5,502,1.1,1
2895,28.17,4,6.39,1387,0.8,0
2896,15.37,3,6.32,734,0.32,0
2897,32.83,2,7.24,786,1.79,1
2898,17.34,3,5.87,654,0.0,0
2899,21.03,4,6.16,1164,0.06,0
2900,16.79,2,4.46,592,1.81,0
2901,22.66,4,6.81,1722,0.95,1
2902,21.59,3,6.5,1378,1.04,1
2903,27.22,3,6.2,700,0.12,0
2904,35.56,4,5.59,1308,0.8,0
2905,28.5,2,6.92,682,1.69,1
2906,24.97,3,5.17,855,0.8,0
2907,21.76,3,5.41,787,0.13,0
2908,18.0,3,6.55,1148,1.32,1
2909,25.06,4,5.83,1151,0.8,0
2910,12.34,3,5.44,711,1.55,0
2911,24.8,2,6.42,524,0.34,0
2912,15.47,2,6.86,963,1.43,1
2913,39.39,2,3.21,1529,1.46,0
2914,30.02,1,6.11,281,0.8,0
2915,22.12,4,6.16,1094,0.0,0
2916,26.02,4,5.7,1147,0.58,0
2917,27.97,2,6.5,643,2.18,1
2918,18.2,2,3.77,1394,1.82,0
2919,23.61,4,6.48,903,0.0,0
2920,20.02,1,6.5,566,1.06,1
2921,33.78,3,7.17,1354,0.61,0
2922,24.93,1,7.5,429,1.11,1
2923,23.94,1,6.5,545,1.85,1
2924,18.68,1,6.5,511,1.09,1
2925,30.37,2,6.5,953,1.67,1
2926,26.05,1,6.5,537,1.75,1
2927,20.82,1,6.5,421,1.24,1
2928,18.6,1,6.89,464,1.13,1
2929,18.43,3,5.82,865,0.8,0
2930,33.52,1,4.59,1607,0.99,1
2931,20.08,2,7.2,786,1.62,1
2932,17.11,2,3.2,623,0.24,1
2933,12.98,4,5.74,1721,2.15,0
2934,24.52,2,5.99,495,0.45,0
2935,20.86,1,7.19,477,0.97,1
2936,31.14,3,5.23,781,0.8,0
2937,26.07,2,5.27,568,0.0,0
2938,20.56,4,6.39,1128,0.0,0
2939,23.27,3,6.5,1259,1.54,1
2940,17.74,4,3.79,1681,1.65,0
2941,14.67,3,6.5,1319,1.13,1
2942,25.11,2,6.5,937,1.11,1
2943,32.71,3,6.45,798,0.8,0
2944,36.9,4,3.28,399,1.54,1
2945,34.29,4,6.06,1342,0.73,0
2946,28.34,1,6.96,552,1.7,1
2947,31.05,1,5.75,192,0.8,0
2948,34.8,4,5.63,1378,0.8,0
2949,29.63,3,6.5,1356,2.2,1
2950,28.92,4,6.5,1612,1.15,1
2951,23.37,2,6.23,418,0.25,0
2952,30.76,4,5.47,1331,0.42,0
2953,21.76,1,5.73,227,0.0,0
2954,36.58,1,3.09,1751,0.49,0
2955,35.29,1,5.78,126,0.8,0
2956,30.49,1,6.5,395,0.8,0
2957,27.27,1,5.67,238,0.17,0
2958,23.54,2,6.31,534,0.36,0
2959,22.77,3,7.4,1095,1.66,1
2960,17.48,2,6.68,700,1.27,1
2961,30.53,4,7.08,1422,1.51,1
2962,12.51,1,6.55,968,0.38,0
2963,21.66,3,5.78,637,0.24,0
2964,28.1,2,6.77,995,1.87,1
2965,26.58,1,3.11,524,0.82,1
2966,34.61,2,5.74,512,0.8,0
2967,28.6,1,6.5,423,1.48,1
2968,27.65,2,6.37,578,0.79,0
2969,28.77,2,5.16,445,0.8,0
2970,23.18,2,6.2,484,0.05,0
2971,26.55,4,5.24,1180,0.38,0
2972,22.47,4,6.45,1399,0.58,0
2973,18.96,1,7.39,1138,2.38,1
2974,21.9,4,6.39,866,0.0,0
2975,33.78,2,5.53,579,0.21,0
2976,25.6,4,6.52,1587,2.2,1
2977,29.05,3,5.5,731,0.63,0
2978,22.32,3,7.49,1367,1.44,1
2979,23.96,1,5.2,346,0.0,0
2980,29.95,4,7.21,1062,1.63,0
2981,22.69,4,6.86,1712,1.23,1
2982,26.73,4,6.16,855,0.6,0
2983,14.85,3,6.44,827,0.0,0
2984,26.5,4,6.5,959,0.8,0
2985,27.28,3,5.99,979,0.16,0
2986,23.23,4,6.5,1561,1.15,1
2987,21.29,4,3.71,1326,1.63,1
2988,31.55,4,5.82,1389,0.8,0
2989,21.49,1,6.5,493,1.36,1
2990,26.03,3,6.56,1054,1.14,1
2991,23.31,2,5.34,439,0.06,0
2992,27.7,3,6.04,707,0.05,0
2993,23.54,3,6.35,669,0.58,0
2994,16.97,4,7.26,1538,0.8,1
2995,16.89,4,6.5,1752,1.52,1
2996,21.31,1,6.49,313,0.47,0
2997,22.51,2,5.8,478,0.08,0
2998,24.58,4,6.25,1233,0.0,0
2999,16.22,2,6.5,931,1.52,1
3000,24.23,1,7.29,563,1.24,1
3001,23.86,1,6.14,153,0.11,0
3002,30.69,3,6.5,873,0.51,0
3003,27.08,1,6.38,211,0.0,0
3004,31.57,1,4.7,149,0.56,0
3005,27.6,2,4.71,1048,1.17,1
3006,27.71,2,7.17,874,2.18,1
3007,23.09,1,5.1,173,0.43,0
3008,22.57,1,5.79,117,0.0,0
3009,25.22,4,5.51,912,0.35,0
3010,22.28,2,6.16,594,0.7,0
3011,15.92,2,6.8,609,1.42,1
3012,10.48,2,4.52,782,0.59,0
3013,27.04,1,6.5,514,1.85,1
3014,27.02,2,5.56,530,0.67,0
3015,20.24,2,6.41,505,2.09,1
3016,29.15,2,5.63,591,0.65,0
3017,20.83,2,7.04,932,1.25,1
3018,30.23,1,6.29,385,0.58,0
3019,24.64,1,6.5,298,0.31,0
3020,23.14,1,6.5,177,0.11,0
3021,26.78,3,6.04,864,0.13,0
3022,30.07,3,5.76,635,0.0,0
3023,24.46,1,5.86,333,0.64,0
3024,34.89,4,7.29,1499,2.2,1
3025,37.05,4,7.47,1513,0.92,0
3026,21.74,4,5.86,1141,0.0,0
3027,17.15,1,5.83,280,0.0,0
3028,24.7,4,4.52,1433,0.96,1
3029,23.27,2,6.5,434,0.02,0
3030,32.83,2,6.11,529,0.39,0
3031,27.94,2,6.89,826,0.88,1
3032,21.99,3,5.32,741,0.39,0
3033,34.91,2,6.08,497,0.8,0
3034,28.16,3,6.5,964,0.69,0
3035,33.53,1,6.72,527,1.78,1
3036,24.98,3,6.5,697,0.61,0
3037,28.67,2,5.73,468,0.01,0
3038,25.14,2,6.5,477,0.0,0
3039,11.85,1,5.88,111,0.0,0
3040,11.0,4,3.38,866,2.0,0
3041,11.88,3,3.13,887,0.38,1
3042,19.86,3,5.97,649,0.01,0
3043,20.26,1,6.5,487,1.21,1
3044,25.57,3,5.97,847,0.58,0
3045,22.64,4,6.5,1066,0.69,0
3046,23.03,3,6.56,1234,1.35,1
3047,28.11,4,6.67,1636,0.99,1
3048,24.14,2,7.15,614,1.83,1
3049,23.74,4,6.29,1311,0.35,0
3050,9.73,1,6.27,301,0.42,0
3051,30.35,2,5.52,550,0.32,0
3052,38.27,4,5.07,1558,1.15,1
3053,27.4,1,6.99,592,1.41,1
3054,16.62,4,5.9,1373,0.13,0
3055,20.74,4,6.5,1063,0.59,0
3056,19.06,4,7.5,1631,1.04,1
3057,21.75,1,6.5,522,1.13,1
3058,24.37,4,6.57,1611,1.48,1
3059,23.88,2,6.8,745,1.4,1
3060,28.83,3,6.5,1045,2.2,1
3061,29.18,4,7.5,1575,0.8,1
3062,22.68,1,6.39,295,0.09,0
3063,17.5,2,6.23,547,0.0,0
3064,21.74,3,5.81,705,0.39,0
3065,25.62,2,6.01,516,0.47,0
3066,17.52,2,6.62,831,1.29,0
3067,26.96,4,6.42,1257,0.73,0
3068,37.28,3,7.48,711,1.82,0
3069,30.92,1,7.4,448,0.8,1
3070,33.39,3,5.47,643,0.0,0
3071,29.85,3,5.59,676,0.8,0
3072,38.6,1,5.77,227,0.77,0
3073,29.62,1,7.03,416,2.06,1
3074,22.94,4,5.69,930,0.8,0
3075,29.15,4,5.56,1248,0.26,0
3076,23.8,2,7.5,611,1.5,1
3077,17.37,1,6.72,499,1.25,1
3078,30.19,3,5.63,677,0.0,0
3079,19.81,4,6.69,1704,0.98,1
3080,20.87,2,5.91,582,0.39,0
3081,32.01,3,4.36,902,0.8,0
3082,29.93,3,5.12,663,0.29,0
3083,37.11,4,3.51,795,0.38,1
3084,23.88,2,5.51,458,0.35,0
3085,16.12,1,6.21,131,0.41,0
3086,18.79,3,5.7,802,0.14,0
3087,26.12,2,7.5,861,1.53,1
3088,20.19,2,6.02,708,1.76,0
3089,32.64,1,6.09,236,0.8,0
3090,28.59,1,5.64,115,0.66,0
3091,22.86,2,7.11,957,0.97,1
3092,24.21,2,7.31,715,1.69,1
3093,29.19,4,6.5,1276,0.25,0
3094,23.26,1,6.5,526,1.01,1
3095,21.89,2,6.57,821,1.25,1
3096,31.63,3,5.99,895,0.8,0
3097,29.18,3,6.46,688,0.02,0
3098,19.44,1,7.07,406,0.82,1
3099,30.33,2,6.06,523,0.8,0
3100,18.75,2,5.2,423,0.05,0
3101,25.89,2,7.12,944,1.41,1
3102,14.26,1,5.52,324,0.26,0
3103,25.72,2,5.81,505,0.57,0
3104,23.99,2,6.13,540,0.0,0
3105,24.73,1,6.25,146,0.23,0
3106,22.19,1,5.48,219,0.8,0
3107,33.89,1,5.52,328,0.7,0
3108,19.76,3,6.19,781,0.0,0
3109,26.81,1,6.1,283,0.48,0
3110,25.48,3,6.25,732,0.44,0
3111,22.75,1,5.37,361,0.3,0
3112,26.2,3,6.02,781,0.8,0
3113,15.43,2,5.9,946,0.72,0
3114,20.25,2,5.04,219,0.58,0
3115,27.18,2,6.5,433,0.62,0
3116,26.84,1,6.5,583,2.2,1
3117,28.78,1,6.8,582,2.1,1
3118,19.49,2,6.4,512,0.07,0
3119,32.07,1,3.58,1017,0.92,1
3120,13.7,1,5.53,238,0.0,0
3121,19.08,3,5.77,992,0.55,0
3122,25.76,4,5.58,1301,0.8,0
3123,29.39,1,6.16,197,0.16,0
3124,21.31,3,5.4,674,0.31,0
3125,15.33,4,6.24,1384,0.8,0
3126,25.14,3,6.73,1352,2.2,1
3127,16.62,2,5.89,441,0.26,0
3128,27.53,4,7.22,1713,1.27,1
3129,24.44,2,6.5,937,1.31,1
3130,18.39,2,6.5,488,0.0,0
3131,19.56,4,6.25,1045,0.0,0
3132,31.69,3,5.03,1780,1.91,0
3133,29.67,3,5.95,718,0.68,0
3134,21.37,3,6.5,684,0.39,0
3135,32.73,2,5.79,542,0.8,0
3136,34.78,3,6.65,1311,1.78,1
3137,23.41,2,6.65,899,1.51,1
3138,26.29,4,7.15,1414,1.67,1
3139,19.5,1,6.5,330,0.48,0
3140,25.32,3,7.47,1112,1.52,1
3141,22.48,3,5.65,689,0.13,0
3142,21.69,2,6.1,552,0.06,0
3143,30.13,4,6.5,1169,0.38,0
3144,23.05,1,6.95,581,1.44,1
3145,22.58,1,7.01,545,1.67,1
3146,33.45,1,6.86,523,2.2,1
3147,19.3,2,4.97,483,0.39,0
3148,21.73,1,6.5,405,1.59,1
3149,31.68,3,6.5,1199,1.8,1
3150,28.0,3,6.5,829,0.0,0
3151,10.59,1,5.14,343,2.23,0
3152,25.93,2,6.96,944,1.52,1
3153,29.12,3,6.26,712,0.8,0
3154,26.28,4,6.09,1012,0.34,0
3155,30.33,3,6.42,884,0.57,0
3156,36.18,3,6.5,1332,2.2,1
3157,15.86,3,5.5,684,0.0,0
3158,25.52,4,6.5,956,0.3,0
3159,24.95,1,6.16,218,0.1,0
3160,34.03,4,6.04,1227,0.79,0
3161,23.04,3,5.77,963,0.0,0
3162,30.63,2,6.5,703,1.51,1
3163,37.39,4,6.22,1095,0.8,0
3164,19.57,2,5.84,436,0.37,0
3165,21.52,4,7.26,1465,1.15,1
3166,28.49,3,6.74,324,1.04,1
3167,17.56,2,4.48,1294,1.56,1
3168,27.27,3,5.44,891,0.55,0
3169,24.74,2,6.88,909,1.75,1
3170,29.09,2,5.8,487,0.64,0
3171,21.22,4,6.5,1768,1.09,1
3172,22.76,3,6.5,888,0.67,0
3173,10.78,2,5.9,1153,1.51,1
3174,21.66,2,5.7,419,0.8,0
3175,26.39,4,3.33,1763,1.31,1
3176,26.9,3,5.04,674,0.37,0
3177,32.26,2,6.5,536,0.8,0
3178,26.25,3,7.13,1395,0.94,1
3179,20.07,3,6.5,600,0.0,0
3180,18.88,2,6.5,614,0.8,1
3181,13.71,4,5.8,1023,0.0,0
3182,25.3,3,6.5,1386,1.74,1
3183,23.7,1,5.8,388,0.58,0
3184,29.72,1,4.8,164,0.41,0
3185,17.33,1,7.25,526,1.39,1
3186,33.67,1,5.15,783,1.68,1
3187,18.54,3,6.11,665,0.5,0
3188,24.51,1,6.0,310,0.0,0
3189,30.23,2,6.11,576,0.8,0
3190,19.55,1,6.62,528,1.27,1
3191,11.72,3,6.5,817,0.0,0
3192,23.99,4,5.61,1031,0.77,0
3193,23.92,1,6.5,429,1.56,1
3194,25.84,2,5.21,544,0.8,0
3195,23.37,3,7.41,1228,0.85,1
3196,21.36,2,7.49,1158,2.47,1
3197,25.59,2,7.11,840,1.83,1
3198,31.16,4,7.0,1447,1.44,1
3199,31.78,4,5.51,1215,0.8,0
3200,17.91,2,7.5,854,0.8,1
3201,19.48,4,6.07,866,0.01,0
3202,22.53,4,7.18,1624,0.8,1
3203,21.09,2,6.83,703,1.48,1
3204,16.5,1,7.31,445,0.84,1
3205,24.01,2,7.5,815,1.42,1
3206,20.77,1,6.16,249,0.32,0
3207,18.83,4,6.0,959,0.55,0
3208,22.85,4,7.5,1504,1.77,1
3209,28.31,3,5.67,850,0.8,0
3210,25.77,2,6.9,676,1.92,1
3211,23.68,2,6.98,863,1.48,1
3212,23.77,2,5.88,465,0.0,0
3213,29.81,4,6.72,1554,1.72,1
3214,15.03,3,5.41,622,0.8,0
3215,18.25,1,6.78,533,0.8,1
3216,23.95,4,6.6,1568,2.14,1
3217,21.55,2,6.49,546,0.42,0
3218,20.93,4,6.5,1043,0.0,0
3219,27.44,2,6.5,596,0.8,0
3220,29.51,4,7.15,1502,1.77,1
3221,30.25,4,5.44,1005,0.8,0
3222,24.62,2,7.21,874,1.3,1
3223,36.06,1,5.62,162,0.48,0
3224,27.64,2,6.5,931,1.73,1
3225,23.9,3,6.94,1697,0.01,1
3226,27.56,3,5.02,783,0.8,0
3227,23.35,2,5.54,496,0.19,0
3228,10.86,2,4.34,1081,0.36,0
3229,35.32,3,5.47,803,0.7,0
3230,26.71,1,6.5,457,1.77,1
3231,21.64,4,6.5,1504,1.65,1
3232,26.45,3,4.86,939,0.0,0
3233,18.13,1,6.21,234,0.0,0
3234,20.47,1,7.39,266,1.26,1
3235,11.15,4,5.31,1003,0.14,0
3236,40.28,4,5.9,1267,0.8,0
3237,24.58,2,6.5,437,0.0,0
3238,16.71,3,6.42,765,0.35,0
3239,18.33,2,5.22,537,0.07,0
3240,18.35,1,4.82,315,0.47,0
3241,28.71,1,6.08,151,0.61,0
3242,21.28,4,6.91,1725,1.36,1
3243,20.73,2,6.5,404,0.22,0
3244,14.95,3,5.82,832,0.0,0
3245,15.47,1,6.86,583,1.32,1
3246,28.77,3,6.4,710,0.44,0
3247,34.09,2,6.13,438,0.8,0
3248,18.73,4,5.53,910,0.0,0
3249,31.1,3,5.33,947,0.74,0
3250,25.08,4,5.64,852,0.21,0
3251,19.57,2,6.82,936,1.09,1
3252,21.52,1,7.39,130,2.1,0
3253,31.74,2,6.46,465,0.09,0
3254,19.68,4,5.91,1065,0.0,0
3255,16.83,4,6.5,1287,0.0,0
3256,32.75,2,5.52,509,0.8,0
3257,27.33,2,6.86,995,1.47,1
3258,11.6,1,6.54,215,2.09,0
3259,25.76,4,5.66,1125,0.0,0
3260,37.56,3,5.13,1676,0.19,1
3261,30.02,4,6.5,1516,2.17,1
3262,21.56,1,4.84,333,0.45,0
3263,23.74,3,6.72,1046,1.37,1
3264,33.25,1,5.84,369,0.8,0
3265,26.23,2,5.82,460,0.52,0
3266,22.79,1,5.48,313,0.0,0
3267,22.79,3,6.5,1241,1.4,1
3268,26.8,3,6.51,1201,2.14,1
3269,22.41,1,6.5,171,0.8,0
3270,22.06,4,7.5,1633,1.69,1
3271,25.02,4,6.5,995,0.75,0
3272,31.02,1,7.03,474,1.13,1
3273,19.83,2,6.5,830,0.8,1
3274,23.25,1,7.5,539,1.78,1
3275,33.57,3,6.16,906,0.8,0
3276,26.52,2,6.5,823,2.06,1
3277,30.34,1,5.99,182,0.8,0
3278,29.84,4,6.4,853,0.8,0
3279,18.19,2,5.63,559,0.0,0
3280,22.83,4,5.74,1122,0.3,0
3281,19.3,2,6.07,422,0.13,0
3282,25.94,4,6.96,1793,1.11,1
3283,13.51,1,5.13,338,0.21,0
3284,29.47,2,7.2,786,2.19,1
3285,21.27,4,6.5,1294,0.0,0
3286,33.03,1,6.83,1110,0.43,0
3287,19.42,2,6.5,513,0.58,0
3288,24.42,2,6.23,505,0.8,0
3289,23.94,1,6.5,468,1.85,1
3290,32.44,1,4.97,242,0.8,0
3291,18.96,2,6.61,818,1.72,1
3292,37.8,2,6.03,482,0.8,0
3293,30.65,1,6.18,241,0.3,0
3294,18.65,2,4.77,525,1.81,1
3295,17.47,1,6.67,512,1.26,1
3296,32.89,2,6.5,922,2.05,1
3297,30.7,1,5.51,396,0.8,0
3298,23.14,4,7.0,1620,1.37,1
3299,11.53,1,4.27,1657,1.29,0
